,Unnamed: 0,site_code,lon,lat,site_name,city,1月,2月,3月,4月,5月,6月,7月,8月,9月,10月,11月,12月
0,0,1015A,117.1444,39.1661,勤俭道,天津,116.46,97.25,119.27,108.94,90.92,75.81,63.81,58.21,68.84,84.21,107.44,121.18
1,1,1017A,117.237,39.1082,大直沽八号路,天津,111.42,93.41,118.37,106.81,95.58,77.25,63.92,54.58,67.03,80.18,105.11,111.63
2,2,1018A,117.202,39.0927,前进道,天津,112.34,95.49,118.03,105.4,92.37,71.41,63.48,55.69,66.09,78.63,101.74,112.22
3,3,1021A,117.307,39.0877,跃进路,天津,115.24,97.08,121.35,108.86,97.69,79.9,67.15,61.44,70.99,84.86,109.23,117.81
4,4,1023A,117.707,39.0343,第四大街,天津,106.55,91.24,116.17,106.82,93.83,72.02,58.54,54.37,64.28,76.34,98.78,110.36
5,5,1024A,117.457,38.8394,永明路,天津,114.39,94.94,113.08,101.82,91.05,72.22,56.18,53.71,63.47,77.37,104.05,117.48
6,6,1026A,117.764,39.1587,汉北路,天津,103.87,89.22,113.09,100.2,89.96,64.78,53.38,49.61,62.19,75.13,95.04,105.43
7,7,1029A,114.4422,38.0444,职工医院,石家庄,206.37,144.21,160.45,133.51,118.14,93.47,84.18,76.6,100.2,121.18,167.28,173.55
8,8,1030A,114.6063,38.0266,高新区,石家庄,201.72,141.75,157.6,127.93,116.66,91.92,80.45,69.33,95.47,118.95,157.77,179.07
9,9,1031A,114.4898,38.1328,西北水源,石家庄,212.77,153.76,171.89,136.98,118.74,96.25,85.2,70.8,95.95,118.81,164.57,179.56
10,10,1032A,114.4586,38.0058,西南高教,石家庄,199.66,139.96,152.36,119.96,103.91,84.56,72.75,65.91,88.15,112.13,153.22,167.35
11,11,1033A,114.5331,38.0178,世纪公园,石家庄,191.16,137.0,154.2,120.58,106.77,87.64,73.44,66.08,86.68,110.16,147.34,173.94
12,12,1034A,114.509,38.0457,人民会堂,石家庄,186.48,131.04,149.42,123.22,107.77,81.24,77.6,61.22,82.58,111.94,147.16,161.29
13,13,1037A,118.131,39.6363,雷达站,唐山,130.4,112.87,128.2,110.2,102.38,82.34,68.93,58.51,74.41,96.77,115.92,128.23
14,14,1040A,118.1705,39.6506,十二中,唐山,130.32,119.69,139.42,123.02,113.37,91.77,78.06,63.4,81.92,107.38,124.29,126.43
15,15,1041A,118.1869,39.622,小山,唐山,126.83,113.3,135.12,124.76,115.01,89.12,71.77,61.1,83.6,103.57,124.64,125.22
16,16,1042A,119.5134,39.8207,北戴河环保局,秦皇岛,86.77,79.85,92.14,76.98,65.09,45.91,39.68,32.32,39.76,61.39,73.69,76.58
17,17,1043A,119.7493,40.0116,第一关,秦皇岛,95.93,88.45,106.09,86.94,72.01,54.66,48.19,38.22,50.5,69.07,79.48,88.06
18,18,1044A,119.5897,39.9499,监测站,秦皇岛,96.91,89.42,103.09,90.04,78.5,62.54,58.89,48.71,55.93,75.27,81.8,85.1
19,19,1046A,119.5251,39.9041,建设大厦,秦皇岛,106.75,95.44,116.94,99.75,89.46,70.84,62.43,53.06,64.12,84.31,90.42,94.9
20,20,1048A,114.5302,36.6116,东污水处理厂,邯郸,200.38,148.86,146.25,131.67,108.66,94.6,79.34,79.59,90.47,113.33,153.18,195.73
21,21,1049A,114.4918,36.5713,矿院,邯郸,204.53,155.41,152.4,139.79,110.16,97.18,89.31,84.88,97.26,107.38,152.61,192.85
22,22,1050A,114.484,36.6133,丛台公园,邯郸,196.49,141.84,139.27,127.96,108.03,90.78,77.52,74.8,85.44,109.66,145.62,174.63
23,23,1051A,115.493,38.8632,游泳馆,保定,179.25,138.35,138.81,107.94,92.46,71.82,63.81,57.16,79.25,105.77,131.2,146.59
24,24,1053A,115.4713,38.9108,接待中心,保定,189.13,143.37,140.89,115.42,105.07,83.93,73.17,62.15,82.36,105.81,137.78,156.39
25,25,1056A,115.5086,38.8639,监测站,保定,188.76,142.35,142.09,121.28,114.13,85.9,71.05,62.02,89.0,117.8,139.52,158.78
26,26,1057A,114.8883,40.8336,人民公园,张家口,69.3,63.26,99.93,95.66,89.52,56.16,47.9,43.77,45.14,63.62,79.67,65.41
27,27,1059A,114.8687,40.8042,五金库,张家口,72.43,66.87,113.11,97.63,90.84,57.48,52.31,46.3,48.49,70.03,83.34,66.47
28,28,1060A,114.8902,40.762,世纪豪园,张家口,76.29,69.51,105.3,98.97,97.18,63.08,55.12,49.5,49.69,71.33,88.15,71.55
29,29,1061A,114.8916,40.8661,北泵房(对照点),张家口,71.77,65.3,103.0,95.67,88.66,58.53,53.85,51.45,48.91,67.5,85.82,69.46
30,30,1063A,117.9392,40.9763,中国银行,承德,80.54,71.58,91.77,84.3,77.4,52.16,50.33,41.53,45.1,62.88,80.45,78.65
31,31,1064A,117.9503,40.928,开发区,承德,78.73,68.05,90.32,76.89,69.97,51.44,49.9,40.98,44.73,60.18,74.92,75.43
32,32,1067A,116.6708,39.5111,药材公司,廊坊,122.13,103.12,122.73,103.4,89.52,75.69,71.62,58.65,72.03,92.7,112.72,125.07
33,33,1070A,116.7244,39.5269,北华航天学院,廊坊,121.31,100.45,119.11,99.82,88.83,74.4,65.3,57.36,71.51,92.15,115.38,125.96
34,34,1071A,116.8842,38.2991,沧县城建局,沧州,139.05,106.64,115.04,100.74,93.29,73.72,58.76,52.47,63.74,90.01,116.37,138.34
35,35,1072A,116.8584,38.3254,电视转播站,沧州,137.12,105.25,117.67,102.56,91.75,76.0,59.05,54.87,64.6,88.08,116.41,139.99
36,36,1073A,116.8709,38.3228,市环保局,沧州,134.57,109.45,120.33,98.64,89.22,77.7,60.13,52.81,64.19,86.97,115.82,137.4
37,37,1074A,115.6838,37.7541,电机北厂,衡水,170.48,128.35,133.46,114.95,101.47,83.28,71.44,62.81,78.99,103.99,133.8,163.42
38,38,1075A,115.6303,37.7316,市监测站,衡水,183.25,134.42,143.43,114.87,102.24,90.83,72.6,63.03,81.66,109.59,142.8,177.44
39,39,1077A,114.4704,37.0886,达活泉,邢台,188.54,146.46,150.12,122.0,104.5,87.42,76.23,69.16,89.76,113.06,148.52,162.38
40,40,1079A,114.5237,37.0851,路桥公司,邢台,197.52,148.5,149.13,120.17,107.72,92.58,82.64,70.1,88.44,117.56,149.76,161.04
41,41,1081A,112.5139,37.8873,尖草坪,太原,145.74,105.01,135.56,130.4,124.56,94.57,76.09,69.95,88.73,116.81,151.63,129.59
42,42,1084A,112.469,37.7124,晋源,太原,163.38,107.92,130.4,120.91,113.92,94.92,71.19,67.28,80.79,109.37,148.98,147.35
43,43,1085A,112.5583,37.7394,小店,太原,158.95,110.93,131.94,116.49,115.87,89.48,73.12,70.45,89.12,112.38,151.7,147.15
44,44,1087A,112.57,37.8195,坞城,太原,156.82,112.79,141.43,127.79,119.31,93.09,73.62,72.34,92.09,116.92,148.45,138.74
45,45,1091A,111.6572,40.8033,小召,呼和浩特,122.24,89.14,126.21,98.37,107.12,56.72,48.88,43.22,52.78,77.65,102.84,103.44
46,46,1094A,111.7516,40.8369,如意水处理厂,呼和浩特,101.52,74.64,99.68,83.97,92.53,56.81,52.54,43.46,49.33,70.8,89.42,92.83
47,47,1095A,111.7276,40.8062,二十九中,呼和浩特,107.43,80.36,113.42,94.36,105.92,54.28,49.31,43.45,49.5,73.92,93.03,92.69
48,48,1097A,111.717,40.7612,化肥厂生活区,呼和浩特,107.1,85.35,107.48,94.37,101.89,60.3,47.96,48.2,56.15,78.47,98.67,98.25
49,49,1099A,123.505,41.7406,浑南东路,沈阳,122.63,98.35,111.86,106.02,83.88,53.47,48.74,42.0,52.68,81.0,92.37,98.18
50,50,1100A,123.4231,41.6989,新秀街,沈阳,122.5,99.95,113.72,106.85,87.72,54.81,50.88,45.18,54.94,80.3,89.87,102.37
51,51,1102A,123.5903,41.8411,东陵路,沈阳,106.01,92.43,104.97,98.53,78.4,51.49,50.24,41.62,50.96,74.8,82.76,89.37
52,52,1103A,123.4264,41.8467,陵东街,沈阳,115.8,94.55,108.56,99.25,76.11,49.55,46.03,42.54,55.7,82.56,97.48,92.12
53,53,1104A,123.4114,41.7653,文化路,沈阳,120.45,98.52,110.53,101.6,84.11,55.32,52.07,45.88,56.35,83.55,91.19,97.44
54,54,1105A,123.4678,41.7867,小河沿,沈阳,121.14,97.28,106.55,98.42,76.74,51.9,48.49,41.88,51.8,80.0,94.83,97.62
55,55,1106A,123.4017,41.7972,太原街,沈阳,116.26,99.22,111.01,99.97,75.98,52.53,48.96,44.66,54.47,79.57,93.22,95.11
56,56,1108A,123.3783,41.9228,京沈街,沈阳,102.41,86.84,104.0,106.01,91.67,55.65,51.54,46.35,56.87,74.62,84.15,87.21
57,57,1109A,121.612,38.9741,甘井子,大连,81.99,79.25,89.45,85.73,73.5,55.31,41.55,38.57,45.58,60.19,76.21,73.16
58,58,1110A,121.565,38.9511,周水子,大连,86.09,79.38,90.25,79.95,69.61,47.56,38.43,35.45,44.11,61.42,82.37,78.55
59,59,1111A,121.5637,38.8845,星海三站,大连,75.14,68.99,75.51,68.56,59.4,44.63,35.05,33.25,42.22,56.28,70.82,67.23
60,60,1112A,121.6302,38.9117,青泥洼桥,大连,76.08,71.92,84.99,76.51,61.52,42.78,36.93,34.81,39.17,55.04,73.43,68.46
61,61,1113A,121.6251,38.8638,傅家庄,大连,70.33,63.64,71.21,64.24,55.67,36.36,31.24,33.11,34.56,47.43,66.2,65.42
62,62,1115A,121.2529,38.8061,旅顺,大连,68.89,62.05,71.27,65.16,52.84,32.95,27.84,31.02,33.53,43.44,59.46,61.1
63,63,1116A,121.7485,39.1311,金州,大连,83.16,80.45,91.91,83.44,68.42,45.6,37.4,37.08,44.78,59.55,77.75,76.98
64,64,1117A,121.7811,39.0496,开发区,大连,75.34,74.2,80.89,72.56,60.64,42.5,35.53,34.27,39.98,54.53,71.46,70.12
65,65,1119A,125.3325,43.9166,食品厂,长春,106.6,83.94,101.93,114.11,90.52,54.29,54.36,43.57,57.26,82.01,85.62,85.38
66,66,1120A,125.2863,43.9027,客车厂,长春,96.47,76.66,92.72,104.75,80.59,54.06,51.89,41.73,55.69,78.3,76.96,78.94
67,67,1121A,125.2841,43.8463,邮电学院,长春,112.45,89.85,105.62,112.94,81.85,55.88,54.29,42.34,51.78,86.01,86.61,89.54
68,68,1123A,125.3297,43.8805,园林处,长春,88.64,69.9,82.6,93.66,65.65,45.9,44.42,34.67,39.91,61.96,68.52,70.23
69,69,1124A,125.4605,43.79,净月潭,长春,77.0,59.57,68.81,78.49,50.12,31.3,29.69,22.54,24.31,47.36,62.01,63.99
70,70,1126A,125.3863,43.8447,经开区环卫处,长春,104.42,79.74,92.83,107.44,74.42,47.55,43.42,35.9,43.43,72.45,76.29,76.54
71,71,1127A,125.245,43.7783,高新区管委会,长春,102.43,76.81,90.3,105.69,73.57,47.05,47.0,36.18,44.25,73.22,76.94,80.2
72,72,1128A,125.1761,43.8325,岱山公园,长春,104.05,81.39,94.0,107.45,78.47,51.33,49.77,40.98,49.8,75.89,79.51,88.36
73,73,1129A,126.5422,45.755,岭北(对照点),哈尔滨,113.3,85.18,73.43,99.11,62.42,36.22,38.58,33.55,38.25,61.66,87.7,90.87
74,74,1130A,126.561,45.8167,松北商大,哈尔滨,110.05,81.59,72.12,90.89,55.45,36.2,40.03,29.17,36.91,59.12,84.65,97.87
75,75,1131A,126.979,45.5419,阿城会宁,哈尔滨,123.83,97.37,77.47,104.86,56.71,36.46,41.02,32.77,38.84,66.37,86.9,95.23
76,76,1133A,126.689,45.7733,太平宏伟公园,哈尔滨,135.88,100.43,88.14,105.13,65.56,42.06,43.52,37.39,45.98,68.14,92.48,102.59
77,77,1137A,126.593,45.7478,道里建国路,哈尔滨,114.99,87.83,75.1,89.91,57.55,39.49,43.13,33.17,38.79,58.45,79.71,85.43
78,78,1138A,126.615,45.61,平房东轻厂,哈尔滨,118.87,88.88,76.65,99.11,55.5,36.58,36.86,31.57,35.12,57.92,79.81,89.53
79,79,1142A,121.478,31.2036,十五厂,上海,67.41,58.46,62.72,66.48,57.88,41.74,43.06,37.75,38.58,44.76,55.29,64.92
80,80,1144A,121.412,31.1654,徐汇上师大,上海,66.26,55.12,60.1,65.37,58.87,42.85,41.63,39.39,39.13,45.02,55.33,66.14
81,81,1147A,121.425,31.2261,静安监测站,上海,69.97,57.29,61.95,65.12,58.46,43.98,44.67,43.19,42.6,48.59,59.6,67.55
82,82,1148A,121.703,31.1907,浦东川沙,上海,61.8,50.94,54.35,57.69,51.61,36.48,40.0,36.12,35.3,41.19,51.82,59.14
83,83,1149A,121.533,31.2284,浦东新区监测站,上海,64.04,55.08,58.72,61.63,54.62,40.84,41.36,36.28,36.83,42.96,53.26,63.01
84,84,1150A,121.577,31.2071,浦东张江,上海,69.04,58.53,60.73,64.87,55.57,41.15,40.53,36.27,37.37,43.53,55.94,66.8
85,85,1151A,118.8086,32.1065,迈皋桥,南京,113.22,86.77,96.51,87.28,78.04,59.68,49.7,47.65,54.84,66.83,82.04,106.58
86,86,1152A,118.7538,32.0551,草场门,南京,103.22,79.67,85.6,76.78,68.56,48.44,37.7,37.29,45.76,60.66,75.23,98.92
87,87,1153A,118.7794,32.0745,山西路,南京,113.25,86.32,92.35,86.4,78.78,55.4,47.37,46.16,53.78,66.55,80.67,105.79
88,88,1154A,118.7752,32.0023,中华门,南京,107.02,83.83,92.76,84.57,73.46,52.08,43.07,41.28,49.13,61.51,77.55,100.0
89,89,1155A,118.8109,32.0309,瑞金路,南京,104.49,81.62,88.42,79.29,70.28,54.98,48.18,46.73,52.29,67.26,83.34,125.92
90,90,1156A,118.7997,32.0754,玄武湖,南京,100.75,76.3,82.05,69.73,60.8,43.94,39.07,37.59,41.82,55.42,70.31,97.69
91,91,1158A,118.7356,31.9996,奥体中心,南京,120.22,90.7,99.78,91.2,83.31,61.12,48.73,48.63,56.54,71.85,86.79,110.22
92,92,1159A,118.9125,32.1028,仙林大学城,南京,106.2,81.37,87.82,81.35,74.34,55.54,47.03,45.96,53.49,63.23,78.14,98.24
93,93,1160A,120.561,31.2472,上方山(对照点),苏州,86.63,65.67,71.06,72.97,60.4,47.05,45.48,42.06,45.71,51.56,63.82,83.43
94,94,1163A,120.596,31.3264,轧钢厂,苏州,79.96,66.44,71.72,74.91,63.83,46.53,43.72,41.86,47.38,53.48,67.03,82.77
95,95,1164A,120.613,31.2703,吴中区,苏州,77.67,62.89,69.45,72.03,63.87,47.2,44.78,42.75,45.39,54.84,65.73,76.86
96,96,1166A,120.669,31.3097,苏州工业园区,苏州,85.8,65.97,68.32,72.49,62.25,45.99,41.37,38.6,42.27,49.09,61.53,83.55
97,97,1168A,120.9098,31.9663,狼山街道,南通,77.97,63.15,69.6,66.67,60.33,50.7,48.34,42.77,40.98,46.22,59.15,73.49
98,98,1169A,120.86,32.0005,虹桥,南通,81.65,67.82,70.53,71.79,64.98,49.6,46.09,39.08,41.03,50.04,65.15,78.5
99,99,1170A,120.87,32.02,城中,南通,85.08,69.45,72.04,71.99,65.79,50.97,49.26,41.63,40.8,48.36,62.55,79.0
100,100,1171A,120.94,31.93,星湖花园,南通,84.44,67.81,70.98,69.21,63.42,51.23,49.55,43.03,42.68,48.19,62.29,77.26
101,101,1172A,120.81,32.0417,紫琅学院,南通,82.41,65.41,70.57,69.63,64.7,52.17,48.98,43.1,43.17,52.04,64.92,81.11
102,102,1173A,119.176,34.5885,市环境监测站,连云港,106.05,86.32,95.25,86.97,75.94,58.22,42.23,40.06,49.32,63.92,79.86,104.19
103,103,1177A,117.179,34.2761,黄河新村,徐州,164.17,126.95,134.13,115.5,107.49,86.31,54.22,59.34,73.13,106.92,126.0,150.49
104,104,1178A,117.1918,34.2384,淮塔,徐州,131.12,103.07,106.51,88.88,81.85,68.99,48.4,50.4,62.79,81.99,97.6,122.15
105,105,1180A,117.256,34.2153,新城区,徐州,153.5,119.47,128.87,112.47,101.26,87.58,61.32,64.97,79.47,106.96,121.37,146.7
106,106,1181A,117.244,34.2911,桃园路,徐州,163.6,124.61,131.0,113.22,101.19,83.56,54.63,60.97,77.97,108.47,129.04,151.2
107,107,1182A,117.2933,34.2778,农科院,徐州,158.78,119.94,129.53,111.45,103.35,86.18,53.43,58.93,77.51,108.31,126.9,150.5
108,108,1188A,120.269,31.4867,雪浪,无锡,93.38,72.23,79.04,76.35,65.96,46.62,39.89,40.75,47.06,57.49,70.24,91.45
109,109,1191A,120.242,31.5031,漆塘,无锡,95.01,73.03,77.68,75.09,64.87,46.24,39.11,40.18,47.65,56.17,70.16,92.81
110,110,1195A,120.299,31.6817,堰桥,无锡,110.78,82.95,90.54,88.54,79.77,59.52,52.71,50.46,56.78,67.44,88.31,111.86
111,111,1196A,119.9633,31.762,市监测站,常州,107.89,85.39,94.4,86.94,74.4,54.47,44.45,44.43,52.4,64.9,86.68,105.15
112,112,1200A,119.9468,31.7069,武进监测站,常州,106.55,84.26,90.92,84.89,77.5,56.32,45.83,46.78,55.84,66.38,81.82,102.81
113,113,1201A,119.9255,31.9087,安家,常州,111.84,89.49,96.54,90.47,80.34,56.29,47.22,46.17,53.67,65.76,87.89,108.02
114,114,1203A,119.6707,32.1875,新区办事处,镇江,106.25,89.14,92.54,88.54,80.9,63.06,52.14,46.45,51.61,60.16,81.42,101.51
115,115,1204A,119.4974,32.1968,职教中心,镇江,101.96,82.21,87.57,82.33,78.49,59.47,47.32,41.77,47.17,56.9,75.41,100.22
116,116,1205A,119.4303,32.1328,丹徒区监测站,镇江,100.24,81.23,89.64,82.29,73.47,60.3,48.86,45.51,52.13,62.72,78.33,97.52
117,117,1206A,119.905,32.4878,公园路,泰州,109.51,88.92,92.92,84.23,76.46,60.25,49.3,43.08,49.89,62.17,80.18,100.3
118,118,1207A,119.9189,32.4625,莲花,泰州,107.8,90.04,89.39,80.8,75.91,62.16,50.08,43.25,48.8,60.49,80.88,103.23
119,119,1209A,119.888,32.4639,留学生创业园,泰州,97.44,81.01,90.32,85.52,77.21,59.73,52.38,42.73,48.93,59.87,78.91,98.24
120,120,1210A,119.036,33.5981,钵池山,淮安,111.38,89.19,93.13,83.92,68.23,54.18,40.07,38.55,48.27,63.27,81.99,104.03
121,121,1211A,119.007,33.575,北京南路,淮安,123.74,100.37,104.35,92.48,82.0,61.47,46.2,44.93,54.97,72.33,91.85,119.98
122,122,1212A,118.989,33.6067,市监测站,淮安,115.55,93.07,101.37,91.34,78.47,62.46,44.66,43.26,53.04,71.33,86.92,112.0
123,123,1213A,119.135,33.5039,楚州区监测站,淮安,118.21,96.37,101.87,93.12,80.17,63.93,45.77,42.29,51.66,72.13,89.47,115.94
124,124,1214A,119.0186,33.6297,淮阴区监测站,淮安,121.02,96.49,100.95,90.85,76.55,60.78,46.09,45.83,55.11,74.39,91.14,117.25
125,125,1215A,120.118,33.4022,盐城电厂,盐城,112.76,93.06,97.29,84.24,73.66,58.68,47.56,43.98,52.9,69.78,88.95,109.33
126,126,1216A,120.156,33.3942,市监测站,盐城,103.13,85.97,91.92,83.47,69.01,55.21,41.89,39.99,46.73,61.26,81.69,100.2
127,127,1218A,120.2144,33.38,开发区管委会,盐城,82.3,67.89,71.09,64.25,58.69,47.14,41.36,37.49,41.16,49.76,64.81,83.93
128,128,1220A,118.293,33.9528,宿迁学院,宿迁,121.67,96.63,101.5,86.71,78.15,66.35,45.81,48.03,54.8,73.81,88.86,111.69
129,129,1223A,120.2072,30.2111,滨江,杭州,91.47,73.48,78.16,78.1,68.24,48.67,43.72,44.94,52.83,60.08,70.53,93.0
130,130,1224A,120.0633,30.2747,西溪,杭州,91.15,70.13,73.51,67.68,58.38,42.71,38.18,38.94,48.37,55.48,66.18,91.67
131,131,1226A,120.3461,30.3153,下沙,杭州,96.52,74.65,74.99,76.91,66.74,48.93,44.8,42.4,52.24,59.96,71.14,101.33
132,132,1227A,120.1269,30.2456,卧龙桥,杭州,84.76,67.79,68.34,62.71,53.64,39.94,35.33,36.73,43.8,50.33,58.83,82.69
133,133,1228A,120.1903,30.2692,浙江农大,杭州,99.41,75.74,79.25,77.93,62.54,43.42,37.19,38.13,46.66,56.48,69.33,97.79
134,134,1232A,120.2697,30.1819,城厢镇,杭州,103.81,80.68,85.84,83.62,71.11,54.0,45.78,44.87,55.26,65.18,75.61,107.05
135,135,1233A,120.0883,30.1808,云栖,杭州,77.38,61.44,62.22,60.86,52.07,39.99,34.93,35.45,41.52,46.26,61.52,76.06
136,136,1234A,121.8358,29.911,区环保大楼,宁波,71.67,55.29,52.89,57.31,47.2,34.96,32.53,29.62,34.4,40.12,53.72,73.44
137,137,1235A,121.56,29.82,万里学院,宁波,81.99,64.21,57.43,58.17,48.1,33.73,33.43,33.58,40.17,50.9,64.68,84.76
138,138,1236A,121.713,29.9572,龙赛医院,宁波,74.05,56.08,53.95,57.01,46.74,36.16,34.44,30.73,36.58,42.71,58.11,79.56
139,139,1239A,121.633,29.7733,钱湖水厂,宁波,68.27,52.76,45.94,46.42,38.95,26.66,24.64,24.99,33.04,41.85,49.07,71.37
140,140,1240A,121.5856,29.8635,太古小学,宁波,77.88,58.86,53.38,54.56,45.05,31.15,29.35,29.73,36.11,46.25,60.56,83.47
141,141,1241A,121.524,29.8674,市环境监测中心,宁波,79.66,63.71,58.73,61.3,51.19,36.6,34.54,33.79,41.03,51.71,62.83,82.44
142,142,1242A,120.634,28.0089,瓯海,温州,73.66,56.51,65.94,73.86,60.88,49.91,44.59,40.47,42.8,51.93,60.97,74.69
143,143,1243A,120.6748,27.9939,南浦,温州,77.65,61.32,69.42,77.7,65.72,51.41,44.42,39.81,42.39,49.35,59.96,73.96
144,144,1244A,120.76,27.9747,龙湾,温州,79.47,58.01,66.9,76.58,62.98,51.64,45.14,40.51,43.91,51.7,64.22,80.0
145,145,1245A,120.6709,28.0167,市站,温州,71.69,58.85,66.97,70.78,60.16,49.7,44.07,39.85,41.42,48.56,57.65,70.05
146,146,1247A,120.6053,29.9928,城东开发委,绍兴,91.78,69.84,65.81,64.92,53.44,38.89,35.24,37.18,47.75,58.75,68.36,94.83
147,147,1250A,120.0751,30.8669,城西水厂,湖州,83.57,66.25,69.36,70.54,60.07,46.42,41.06,41.6,47.57,55.52,64.26,85.17
148,148,1252A,120.7436,30.778,清河小学,嘉兴,88.8,69.33,70.92,69.47,59.58,45.1,43.26,40.81,44.92,51.23,63.79,89.29
149,149,1253A,120.726,30.7478,嘉兴学院,嘉兴,84.26,66.55,65.51,64.78,56.1,40.58,38.9,39.01,42.47,49.86,61.46,85.93
150,150,1256A,121.419,28.6542,台州环保大楼,台州,70.6,61.54,58.14,62.6,51.16,38.54,35.61,33.93,37.55,44.93,53.65,68.37
151,151,1258A,122.122,30.0203,定海檀枫,舟山,55.78,49.19,42.95,44.43,38.38,28.51,30.72,27.89,27.63,31.84,38.13,51.14
152,152,1259A,122.3094,29.9558,普陀东港,舟山,49.4,45.63,39.91,39.82,35.33,25.46,27.17,26.03,25.44,29.66,34.34,45.98
153,153,1260A,122.19,29.9944,临城新区,舟山,57.58,47.53,42.94,45.75,39.37,27.0,27.83,26.94,27.8,33.27,38.51,52.74
154,154,1262A,119.647,29.077,十五中,金华,81.44,60.4,61.78,64.18,55.75,42.82,40.14,41.12,51.99,61.16,66.68,84.65
155,155,1263A,119.686,29.1029,监测站,金华,74.86,57.04,57.61,61.5,53.59,41.38,38.51,38.79,49.65,57.03,62.1,78.35
156,156,1264A,118.8692,28.9398,环保大楼,衢州,78.97,61.13,59.15,63.51,54.87,40.61,39.65,42.23,51.15,58.8,63.14,80.17
157,157,1265A,118.8709,28.9666,实验学校,衢州,73.66,60.43,54.19,56.57,50.22,37.21,37.82,39.83,46.86,54.8,59.51,72.46
158,158,1266A,118.8621,28.9808,衢州学院,衢州,73.54,62.18,56.22,58.25,50.38,37.28,36.8,39.79,48.93,56.05,58.93,75.39
159,159,1267A,119.914,28.4514,监测站大楼,丽水,56.61,46.12,45.06,48.2,39.55,30.1,29.28,30.56,37.92,43.78,47.06,58.69
160,160,1269A,119.879,28.4231,余庄前,丽水,61.48,50.33,52.53,51.15,42.71,32.84,32.49,36.4,43.73,49.27,51.28,64.81
161,161,1270A,117.1959,31.7848,明珠广场,合肥,97.03,78.11,84.27,84.59,79.42,56.2,47.78,52.51,63.09,71.96,80.63,98.56
162,162,1271A,117.3072,31.8764,三里街,合肥,103.81,84.44,91.74,89.71,82.7,59.79,50.87,53.12,65.04,74.77,86.16,107.42
163,163,1272A,117.2588,31.8707,琥珀山庄,合肥,96.37,79.02,81.79,79.44,72.77,53.41,45.15,47.03,54.7,62.9,75.22,96.19
164,164,1273A,117.1604,31.9052,董铺水库(对照点),合肥,91.9,75.28,80.82,76.96,70.05,52.42,42.76,46.94,57.82,64.65,74.47,95.2
165,165,1274A,117.25,31.8571,长江中路,合肥,101.43,83.69,89.07,87.27,77.65,55.17,47.76,50.39,62.04,71.98,82.54,102.31
166,166,1275A,117.266,31.9436,庐阳区,合肥,105.59,87.11,95.14,91.75,87.52,63.58,53.44,58.52,74.75,81.71,93.58,116.1
167,167,1276A,117.336,31.8586,瑶海区,合肥,107.96,84.97,95.28,96.97,89.49,64.09,55.57,57.37,69.62,78.04,92.66,114.84
168,168,1277A,117.3027,31.7964,包河区,合肥,106.7,81.88,91.37,92.96,82.46,59.37,52.28,59.25,74.11,79.83,91.39,113.4
169,169,1282A,119.2681,26.0504,师大,福州,55.97,47.65,54.35,62.82,50.54,38.54,41.22,39.75,40.23,42.37,45.4,49.45
170,170,1284A,119.2648,26.0768,杨桥西路,福州,50.69,43.14,51.26,62.19,51.04,39.42,40.45,36.75,36.84,39.13,41.01,45.57
171,171,1285A,119.317,26.0746,紫阳,福州,57.49,50.53,56.72,64.72,54.26,42.09,44.12,39.88,40.71,43.07,46.74,51.41
172,172,1287A,118.1514,24.4767,洪文,厦门,49.86,41.66,49.64,46.2,36.36,24.68,28.18,29.17,35.5,41.92,44.68,46.27
173,173,1290A,115.8931,28.6843,省外办,南昌,104.34,83.86,76.72,70.74,60.86,37.39,42.26,44.58,59.99,77.07,83.82,108.59
174,174,1291A,115.8886,28.7003,省林业公司,南昌,99.05,77.08,77.82,75.65,69.95,40.31,46.6,49.39,64.22,75.65,80.02,105.96
175,175,1292A,115.8126,28.7442,林科所,南昌,83.3,63.91,62.18,58.84,56.12,35.22,42.72,41.87,48.28,57.53,61.95,86.84
176,176,1294A,115.8518,28.687,建工学校,南昌,85.98,70.46,68.98,68.49,68.75,45.49,53.3,49.29,56.9,67.53,71.55,91.75
177,177,1295A,115.8921,28.6424,象湖,南昌,97.54,76.66,84.65,84.85,73.96,46.05,52.8,55.12,59.72,69.24,78.05,96.28
178,178,1296A,115.7423,28.7996,武术学校(对照点),南昌,54.58,45.95,42.23,44.11,43.26,26.27,28.51,29.99,36.24,40.29,39.03,53.2
179,179,1298A,115.9314,28.6842,省站,南昌,97.76,76.54,74.15,73.01,62.99,38.12,41.37,43.41,56.51,71.94,85.16,107.78
180,180,1299A,116.9862,36.6114,科干所,济南,154.5,107.43,133.27,122.01,105.55,86.62,75.2,62.83,79.71,99.74,118.22,135.7
181,181,1300A,116.9376,36.665,农科所,济南,189.67,134.89,155.53,144.41,121.8,97.42,79.63,69.68,91.47,115.01,139.89,167.77
182,182,1303A,117.0624,36.6868,省种子仓库,济南,175.47,121.9,152.2,135.71,117.19,92.61,83.53,73.27,90.09,110.11,135.26,152.2
183,183,1310A,120.4134,36.0658,市南区东部子站,青岛,112.87,84.01,93.43,88.11,78.63,50.31,47.82,41.46,49.96,68.65,84.44,104.62
184,184,1311A,120.3664,36.1032,四方区子站,青岛,110.68,81.65,90.15,80.41,70.05,47.64,42.69,37.56,49.17,69.9,85.9,105.37
185,185,1312A,120.2994,36.054,市南区西部子站,青岛,112.42,82.21,84.57,85.46,70.07,42.61,39.23,36.94,44.92,65.24,82.61,104.96
186,186,1313A,120.4581,36.0858,崂山区子站,青岛,105.07,77.78,87.19,80.78,66.42,41.47,41.75,37.76,44.59,62.44,81.07,103.01
187,187,1315A,120.3999,36.3083,城阳区子站,青岛,124.85,87.85,99.9,96.86,81.79,54.53,44.92,44.2,54.04,78.37,95.32,120.05
188,188,1316A,113.69031,34.76122,烟厂,郑州,186.15,139.17,154.14,139.61,118.28,93.5,69.86,64.03,82.76,95.16,127.55,149.54
189,189,1317A,113.65724,34.77134,郑纺机,郑州,179.48,135.84,153.39,136.56,120.06,94.87,71.69,67.83,84.41,101.12,130.67,148.03
190,190,1318A,113.67526,34.80246,银行学校,郑州,168.48,125.24,143.73,130.1,111.62,83.94,63.24,59.67,78.61,90.21,121.79,139.28
191,191,1321A,113.73961,34.77172,四十七中,郑州,177.61,127.34,138.54,130.78,114.92,90.98,68.81,63.92,82.58,93.98,128.52,144.14
192,192,1345A,113.2347,23.1423,广雅中学,广州,84.67,57.41,61.5,58.09,43.37,33.63,36.61,42.15,52.66,58.24,70.38,79.84
193,193,1346A,113.2612,23.105,市五中,广州,77.38,54.6,58.87,55.03,43.36,35.03,37.7,42.89,51.98,54.79,63.77,70.39
194,194,1348A,113.3478,23.0916,广东商学院,广州,70.73,47.85,55.88,52.76,39.84,31.37,35.19,40.01,49.67,50.15,59.0,62.63
195,195,1349A,113.4332,23.1047,市八十六中,广州,76.11,50.95,61.11,57.9,44.57,34.96,39.3,45.14,55.15,60.11,68.75,71.45
196,196,1350A,113.3505,22.9483,番禺中学,广州,74.03,51.09,55.86,52.15,38.98,30.04,33.9,38.43,48.59,55.33,65.1,70.09
197,197,1351A,113.2146,23.3916,花都师范,广州,69.23,51.66,59.34,59.0,44.62,36.87,38.58,43.01,50.9,53.62,59.07,62.77
198,198,1352A,113.2597,23.1331,市监测站,广州,75.35,53.45,58.16,54.19,42.42,32.53,36.73,41.45,52.07,55.52,66.28,71.34
199,199,1353A,113.5618,23.312,九龙镇镇龙,广州,62.05,48.59,55.24,56.95,45.45,34.68,41.43,43.82,53.35,57.78,60.03,61.37
200,200,1354A,113.2765,23.1544,麓湖,广州,65.23,46.62,53.46,50.6,39.85,31.55,34.03,39.47,48.47,48.36,54.61,59.72
201,201,1356A,114.1063,22.5545,通心岭子站,深圳,54.4,40.38,39.65,38.68,28.4,22.34,22.59,26.81,35.68,44.5,48.86,59.24
202,202,1357A,114.117,22.5625,洪湖,深圳,58.88,42.45,44.33,41.8,29.5,21.79,25.16,30.27,39.76,47.45,51.42,61.25
203,203,1358A,113.987,22.5417,华侨城,深圳,57.26,41.23,41.43,40.75,30.26,21.93,24.63,31.16,38.01,46.55,51.8,59.78
204,204,1359A,113.9181,22.5171,南海子站,深圳,71.57,48.44,48.23,45.92,31.7,23.44,26.43,31.03,40.92,50.74,59.08,71.95
205,205,1360A,114.2458,22.5689,盐田,深圳,47.59,37.99,38.53,37.2,28.16,20.4,22.83,26.61,32.97,38.47,39.51,45.2
206,206,1361A,114.2283,22.7244,龙岗,深圳,59.91,41.37,45.41,46.05,33.68,24.63,28.25,33.74,43.09,48.15,54.51,60.32
207,207,1363A,114.494,22.5422,南澳,深圳,42.76,36.85,36.18,34.15,25.36,18.82,21.84,25.27,31.38,36.8,36.91,40.47
208,208,1364A,114.41,22.6342,葵涌,深圳,49.91,37.63,38.38,38.33,27.33,20.18,23.51,27.79,34.65,40.41,44.0,50.48
209,209,1365A,114.297,22.5978,梅沙,深圳,44.64,36.52,37.42,36.32,26.71,19.4,21.01,23.71,31.97,39.21,40.15,44.44
210,210,1366A,114.0678,22.738,观澜,深圳,73.93,48.65,57.13,55.67,40.6,31.76,35.44,41.94,52.69,58.61,69.81,77.36
211,211,1367A,113.5814,22.2618,吉大,珠海,55.43,44.81,39.48,37.09,26.5,19.48,22.5,25.98,34.46,46.24,48.32,59.74
212,212,1368A,113.4881,22.2335,前山,珠海,67.65,49.26,46.23,43.16,29.14,20.32,23.34,26.1,35.38,49.54,56.09,66.05
213,213,1369A,113.628,22.4251,唐家,珠海,62.5,45.92,41.07,36.75,25.8,17.9,20.63,24.98,34.71,47.06,51.61,62.05
214,214,1370A,113.299,22.2281,斗门,珠海,67.08,48.7,45.16,41.37,28.38,19.57,22.24,23.9,35.65,49.36,54.04,64.67
215,215,1371A,113.1294,23.0067,湾梁,佛山,77.75,51.82,60.74,55.4,43.24,32.08,36.18,41.34,51.38,57.15,69.55,73.78
216,216,1372A,113.1083,23.0478,华材职中,佛山,84.21,55.25,64.29,58.09,44.29,31.96,35.57,40.02,52.37,62.31,74.25,81.86
217,217,1373A,113.144,23.0453,南海气象局,佛山,72.98,51.1,58.3,54.19,43.62,34.84,37.72,43.16,51.47,57.0,66.29,68.78
218,218,1374A,113.2881,22.8094,顺德苏岗,佛山,67.69,47.51,53.52,50.11,36.85,27.5,30.58,34.45,45.51,51.87,60.0,64.23
219,219,1376A,112.8383,22.8678,高明孔堂,佛山,67.94,46.61,53.8,48.21,38.02,29.04,32.0,37.72,48.47,57.52,63.78,69.17
220,220,1377A,112.8836,23.1588,三水监测站,佛山,78.05,51.91,64.01,60.5,47.21,36.87,41.79,46.86,55.87,61.42,70.24,76.91
221,221,1378A,112.867,23.185,三水云东海,佛山,72.67,50.43,59.82,56.22,43.81,32.87,37.45,43.7,49.91,52.88,61.55,67.33
222,222,1379A,113.3769,22.5211,华柏园,中山,63.96,45.91,46.61,42.18,31.78,22.56,26.24,29.92,39.37,49.36,56.36,62.93
223,223,1380A,113.3881,22.5497,张溪,中山,69.4,48.41,49.78,45.46,33.28,22.95,27.64,32.46,43.55,53.35,63.06,69.58
224,224,1381A,113.4075,22.5111,紫马岭,中山,59.84,43.69,44.35,40.91,30.11,20.92,24.71,28.92,39.31,48.87,55.15,61.6
225,225,1383A,113.1064,22.6058,北街,江门,75.63,51.0,56.45,49.03,37.59,28.32,31.28,36.24,46.69,56.4,66.73,73.07
226,226,1384A,113.0731,22.5835,西区,江门,78.37,53.11,58.74,53.03,39.63,29.25,32.94,37.45,50.15,60.45,71.3,77.82
227,227,1385A,113.0219,22.5311,圭峰西,江门,60.85,45.41,50.24,46.24,34.17,26.89,29.22,33.27,43.87,51.6,58.41,61.82
228,228,1386A,113.0828,22.5947,东湖,江门,77.01,51.2,58.82,54.16,41.24,31.24,33.78,38.48,50.38,57.51,67.45,74.84
229,229,1390A,113.7944,23.0128,东城石井,东莞,57.43,40.92,47.1,46.88,36.95,27.86,31.17,34.91,42.32,45.11,49.98,52.77
230,230,1391A,113.7383,22.9658,南城西平,东莞,65.92,43.9,49.46,48.55,36.84,26.93,31.06,36.14,45.99,51.01,59.65,63.04
231,231,1393A,114.4053,23.0822,下埔横江三路子站,惠州,56.15,42.71,45.04,47.48,37.23,29.13,33.83,35.34,42.95,47.94,52.92,56.49
232,232,1396A,114.5317,22.7422,大亚湾管委会子站,惠州,55.82,43.01,48.43,48.94,36.64,27.16,31.77,35.18,43.37,46.94,52.43,55.93
233,233,1397A,112.4267,23.0706,睦岗子站,肇庆,67.51,49.94,55.15,51.28,41.57,33.54,36.54,40.13,47.79,50.02,57.28,60.14
234,234,1398A,112.4645,23.0475,城中子站,肇庆,68.48,50.15,57.62,53.45,43.18,34.7,37.01,40.76,48.51,50.56,59.82,62.04
235,235,1399A,112.5544,23.1522,坑口子站,肇庆,64.25,46.62,57.59,53.09,41.44,34.13,35.31,37.59,44.83,48.47,55.96,58.95
236,236,1401A,108.3103,22.7881,二十一中,南宁,70.43,62.19,54.06,54.24,42.59,33.02,35.36,39.67,46.38,55.92,59.48,67.95
237,237,1403A,108.3206,22.8225,市监测站,南宁,73.51,65.4,56.75,56.99,43.2,33.95,36.02,40.3,47.41,56.91,61.95,72.73
238,238,1404A,108.3829,22.8037,大自然花园,南宁,60.2,58.74,48.82,47.99,36.46,28.42,30.44,35.96,43.22,50.66,51.4,58.17
239,239,1405A,108.4394,22.7904,仙葫(对照点),南宁,68.42,60.96,51.68,53.32,40.31,32.55,36.07,40.07,47.5,57.67,59.25,65.6
240,240,1406A,108.2397,22.8467,区农职院,南宁,70.97,58.23,57.87,58.28,46.42,36.79,37.53,40.1,46.12,52.86,59.28,66.29
241,241,1407A,108.3275,22.735,英华嘉园,南宁,80.24,68.76,62.51,63.98,51.13,41.18,43.81,46.58,51.96,64.96,68.03,75.31
242,242,1408A,108.2257,22.7757,沙井镇街道办,南宁,80.67,65.31,64.73,69.73,53.51,42.5,45.59,47.22,57.04,69.3,72.27,82.31
243,243,1412A,110.338,19.9969,海南师范大学,海口,42.36,38.7,35.9,36.13,28.69,25.2,23.59,24.79,29.67,38.71,37.62,45.06
244,244,1413A,110.33,20.0356,龙华路环保局宿舍,海口,43.17,40.71,36.71,36.18,28.82,25.41,23.44,23.99,28.53,38.16,37.62,45.69
245,245,1414A,106.3787,29.8279,缙云山(对照点),重庆,66.86,59.7,47.73,39.43,38.68,32.72,33.5,34.6,32.66,31.47,44.74,61.87
246,246,1417A,106.6263,29.7228,两路,重庆,98.92,75.36,62.23,53.38,52.46,44.77,40.56,43.52,44.12,47.56,62.88,86.04
247,247,1418A,106.2953,29.5983,虎溪,重庆,99.26,73.85,65.35,55.66,56.3,47.8,43.31,41.3,43.96,48.07,68.2,90.21
248,248,1419A,106.5777,29.5102,南坪,重庆,100.06,78.89,71.42,59.88,61.98,50.0,48.57,48.29,52.6,55.83,73.15,92.48
249,249,1420A,106.6556,29.6277,唐家沱,重庆,96.48,76.58,64.84,55.32,53.41,47.69,45.51,45.76,47.35,48.46,64.88,86.35
250,250,1421A,106.6349,29.4906,茶园,重庆,105.27,82.35,73.4,61.79,60.6,49.56,48.04,49.99,57.1,57.71,77.95,97.31
251,251,1422A,106.3754,29.4572,白市驿,重庆,102.48,79.05,71.0,58.33,57.95,51.49,48.67,46.69,47.47,52.07,71.55,94.37
252,252,1425A,106.6205,29.7166,空港,重庆,98.01,74.11,63.99,54.89,53.34,48.45,43.42,45.25,46.6,48.76,65.47,89.68
253,253,1426A,106.4782,29.4875,新山村,重庆,106.02,82.48,74.44,62.92,63.52,56.08,46.33,46.42,53.87,60.96,81.03,100.51
254,254,1427A,106.5616,29.6453,礼嘉,重庆,105.09,81.47,72.34,64.75,62.79,53.52,49.79,49.95,51.58,54.48,73.05,95.77
255,255,1429A,106.5093,29.3917,鱼新街,重庆,102.25,83.55,74.09,64.86,62.98,54.72,50.42,49.33,52.66,58.72,79.3,97.12
256,256,1431A,103.9728,30.7236,金泉两河,成都,136.98,101.69,100.68,87.84,84.18,62.48,51.76,53.88,52.21,68.41,95.98,125.44
257,257,1432A,104.1419,30.6764,十里店,成都,142.67,100.46,104.62,85.13,79.78,59.73,51.61,54.21,49.03,68.14,99.51,128.84
258,258,1433A,104.0594,30.5767,三瓦窑,成都,131.46,96.2,97.74,77.02,71.62,56.1,48.17,49.3,47.4,65.3,94.26,129.17
259,259,1434A,104.1122,30.6306,沙河铺,成都,125.09,93.98,96.05,73.82,69.06,54.41,42.43,45.11,42.37,58.95,88.53,124.33
260,260,1437A,104.0431,30.6556,君平街,成都,139.1,99.81,98.5,78.64,78.42,60.49,49.81,52.63,48.16,66.5,95.69,122.32
261,261,1439A,106.6899,26.5998,马鞍山,贵阳,49.24,49.27,51.31,44.59,35.84,28.08,28.11,30.9,34.53,35.99,43.11,52.88
262,262,1440A,106.6971,26.5694,市环保站,贵阳,63.94,61.8,66.17,60.88,50.18,40.23,41.33,43.28,44.75,46.66,57.71,68.53
263,263,1441A,106.6243,26.6266,鉴湖路,贵阳,56.81,54.77,59.78,55.09,44.86,35.75,33.32,36.28,39.14,42.65,52.6,64.18
264,264,1442A,106.7487,26.6343,燕子冲,贵阳,57.95,57.86,60.79,54.17,44.83,35.83,35.46,37.86,40.71,44.25,53.89,64.87
265,265,1443A,106.6555,26.4365,碧云窝,贵阳,61.66,60.57,65.14,59.68,48.51,38.35,37.8,42.99,47.07,51.7,61.73,70.93
266,266,1444A,106.694,26.5161,中院村,贵阳,62.73,58.6,62.42,56.56,47.8,39.52,37.33,43.45,43.51,46.78,59.8,70.66
267,267,1446A,106.7164,26.5699,新华路,贵阳,62.63,63.1,64.54,57.28,45.95,38.03,38.27,39.4,42.53,45.94,57.82,73.04
268,268,1450A,102.8204,24.8886,呈贡新区,昆明,36.34,43.22,61.37,56.39,44.9,28.28,29.99,31.41,31.77,33.66,37.75,42.43
269,269,1452A,102.7252,25.0902,龙泉镇,昆明,56.27,55.56,74.69,64.36,49.77,31.02,31.96,33.81,35.18,39.83,56.69,60.74
270,270,1453A,102.7266,25.0375,东风东路,昆明,47.53,51.52,67.03,62.82,49.02,33.66,34.15,36.69,37.08,38.51,47.57,53.51
271,271,1454A,102.6742,25.0669,金鼎山,昆明,61.5,54.43,72.83,65.99,50.31,32.44,36.77,39.13,39.05,46.0,65.51,65.81
272,272,1457A,91.1221,29.6747,市环保局,拉萨,60.89,48.32,46.17,50.35,41.09,31.49,27.64,30.57,29.25,39.13,63.79,79.05
273,273,1462A,108.882,34.2749,高压开关厂,西安,186.79,144.02,160.1,123.16,110.09,69.22,62.73,66.1,74.29,97.39,158.25,169.54
274,274,1463A,108.993,34.2629,兴庆小区,西安,165.73,126.63,140.93,106.71,92.25,57.15,53.75,57.44,61.31,81.2,130.38,149.2
275,275,1465A,108.9356,34.2173,小寨,西安,186.77,143.23,148.3,113.51,100.41,60.86,56.21,59.96,65.42,91.89,150.42,169.94
276,276,1466A,108.954,34.2713,市人民体育场,西安,183.31,142.77,154.16,112.96,101.55,65.83,62.15,62.9,69.54,89.93,138.37,164.19
277,277,1467A,108.8922,34.2322,高新西区,西安,190.31,138.05,153.19,112.38,103.91,62.81,59.89,63.48,69.16,93.53,151.72,166.21
278,278,1469A,108.906,34.1546,长安区,西安,176.43,133.75,150.21,108.81,96.41,59.65,55.01,58.76,65.19,86.85,141.55,163.66
279,279,1473A,108.985,34.1978,曲江文化产业集团,西安,196.89,145.43,158.35,118.7,102.95,64.05,60.0,62.28,69.97,89.85,149.77,168.98
280,280,1474A,109.051,34.3213,广运潭,西安,177.93,137.63,149.56,113.01,98.44,61.38,64.68,69.55,70.97,92.64,143.4,168.55
281,281,1476A,103.631,36.1031,兰炼宾馆,兰州,130.98,116.86,176.69,129.03,114.99,75.44,64.71,62.27,70.88,90.32,149.32,152.26
282,282,1478A,103.8412,36.0726,生物制品所,兰州,122.23,110.47,176.83,131.18,119.67,75.78,68.22,61.75,67.43,84.91,138.74,142.53
283,283,1479A,103.831,36.0464,铁路设计院,兰州,123.97,113.71,168.97,121.98,110.12,71.98,64.56,62.78,68.99,86.27,138.58,146.24
284,284,1484A,105.9512,38.6016,贺兰山马莲口(对照点),银川,99.0,73.26,112.27,74.87,80.1,53.47,48.99,40.59,40.96,53.83,75.58,76.31
285,285,1488A,106.2328,38.4975,贺兰山东路,银川,125.45,97.53,134.64,102.72,111.09,68.98,66.15,53.83,56.73,72.72,110.98,107.78
286,286,1491A,87.6046,43.768,收费所,乌鲁木齐,167.34,170.84,106.82,95.47,96.75,74.43,78.58,71.95,80.39,95.36,115.76,144.84
287,287,1494A,87.6432,43.831,三十一中学,乌鲁木齐,188.12,186.93,105.32,87.71,89.15,69.29,72.13,70.49,74.23,85.36,108.41,159.84
288,288,1511A,112.9118,27.8403,市监测站,湘潭,125.81,91.6,80.48,68.73,63.22,39.68,38.72,43.16,60.75,73.03,86.78,117.68
289,289,1512A,112.8937,27.8728,江麓,湘潭,104.82,81.99,70.26,64.46,63.92,42.19,43.6,45.68,60.85,68.96,76.35,102.69
290,290,1515A,113.135,27.8244,天台山庄,株洲,110.34,80.59,70.98,61.01,55.84,33.65,31.71,37.84,54.37,64.71,72.54,103.87
291,291,1518A,113.095,27.8867,株冶医院,株洲,114.03,80.98,73.41,67.23,61.03,40.18,38.17,39.8,57.24,68.8,76.27,106.6
292,292,1519A,113.167,27.8667,市四中,株洲,119.42,82.64,74.34,68.28,61.77,37.85,35.99,41.48,61.27,72.15,79.37,114.46
293,293,1520A,113.143,27.8381,火车站,株洲,123.61,87.07,77.02,67.23,62.9,37.08,34.49,40.95,61.62,75.69,84.56,119.1
294,294,1524A,113.13,27.8528,市监测站,株洲,116.2,81.93,73.53,65.81,62.78,38.87,38.1,43.3,61.64,71.64,78.48,112.43
295,295,1559A,113.251,27.8336,大京风景区(对照点),株洲,94.96,67.54,52.92,47.86,46.28,29.19,27.27,32.21,46.04,52.26,56.22,85.07
296,296,1562A,113.0048,27.9153,昭山,湘潭,118.22,85.86,74.64,68.77,64.1,39.81,40.91,44.96,65.49,78.11,83.33,114.57
297,297,1585A,109.8756,40.6532,市环境监测站,包头,117.91,88.93,114.84,95.35,103.95,60.73,53.29,50.88,55.59,76.57,98.67,100.3
298,298,1587A,109.9991,40.5842,包头八中,包头,156.82,117.02,151.39,128.03,130.74,77.46,63.96,65.9,76.29,105.17,132.52,135.7
299,299,1588A,109.8538,40.6821,青山宾馆,包头,120.88,84.39,113.78,94.92,102.5,56.9,53.16,50.82,59.43,80.5,110.01,112.31
300,300,1589A,109.8642,40.6288,惠龙物流,包头,125.95,94.82,120.91,98.94,114.01,66.24,58.56,51.17,56.6,80.68,107.97,111.96
301,301,1590A,110.0377,40.5546,东河鸿龙湾,包头,125.14,95.69,121.99,102.25,108.47,67.84,57.77,51.92,57.13,82.67,100.56,109.24
302,302,1591A,110.0023,39.8129,综合楼,鄂尔多斯,95.54,83.8,117.82,103.42,103.86,63.49,58.95,54.34,55.96,69.79,86.04,77.42
303,303,1592A,109.9486,39.8261,巴音孟克林场办事处,鄂尔多斯,87.67,75.31,140.44,89.89,96.79,58.06,51.32,48.45,49.69,62.45,74.24,64.35
304,304,1593A,109.7736,39.5986,康泽苑,鄂尔多斯,75.49,66.15,131.43,82.13,87.0,47.93,39.86,36.54,39.39,50.12,65.34,57.56
305,305,1594A,109.8119,39.5989,华泰汽车城,鄂尔多斯,80.81,69.76,128.83,86.66,88.16,52.02,44.01,42.02,41.72,53.54,68.53,62.32
306,306,1595A,109.9734,39.7884,奥林花园,鄂尔多斯,89.52,79.74,116.77,97.53,98.71,60.3,52.76,48.89,53.07,66.06,83.26,73.36
307,307,1597A,122.2703,40.7094,大庆路,营口,116.4,93.69,86.99,84.04,59.93,44.55,42.45,43.7,54.36,64.27,90.52,93.46
308,308,1598A,122.215,40.6511,镜湖西路,营口,94.89,81.61,83.65,79.55,57.72,40.76,39.7,35.94,45.87,57.54,74.99,78.74
309,309,1600A,124.3303,40.0625,江湾东路,丹东,79.84,76.85,80.85,70.14,55.69,39.59,31.65,28.43,39.36,53.48,70.38,73.93
310,310,1602A,124.3933,40.1461,元宝山,丹东,69.58,69.97,77.01,65.12,49.4,36.91,30.42,25.62,33.02,45.95,59.7,65.16
311,311,1603A,124.3633,40.1092,民主桥,丹东,79.7,80.11,81.58,70.55,57.52,39.22,33.6,31.29,39.55,55.62,70.57,75.7
312,312,1604A,122.0303,41.1489,开发区,盘锦,84.1,79.73,79.03,81.98,59.55,43.92,41.06,36.12,40.0,51.02,67.38,71.54
313,313,1605A,122.0485,41.0883,兴隆台,盘锦,85.69,83.21,81.86,84.49,62.16,45.43,41.11,38.35,44.59,57.57,72.75,74.23
314,314,1607A,120.9092,40.7136,龙港区,葫芦岛,124.77,107.28,105.87,99.72,71.5,46.96,47.52,43.02,48.2,71.03,92.26,103.89
315,315,1608A,120.8392,40.7514,化工街,葫芦岛,111.32,96.11,106.33,102.47,82.24,61.79,54.06,50.03,57.38,74.49,89.6,98.98
316,316,1609A,120.8341,40.7073,新区,葫芦岛,94.54,83.97,88.29,84.09,64.85,46.11,44.81,43.89,48.02,63.58,79.37,82.77
317,317,1610A,120.8695,40.7677,东城区,葫芦岛,111.73,94.25,101.62,93.49,77.61,51.7,45.53,45.54,50.43,66.01,84.31,99.56
318,318,1612A,118.5972,24.8978,津头埔,泉州,49.96,50.73,55.19,58.78,50.36,37.93,44.48,40.08,42.07,43.16,43.71,46.62
319,319,1618A,118.3429,35.0532,沂河小区,临沂,160.78,118.4,132.06,126.73,113.04,88.67,66.58,59.9,75.63,103.51,118.26,141.96
320,320,1619A,118.295,35.0583,鲁南制药厂,临沂,167.11,122.15,132.95,125.18,112.91,87.96,59.86,54.8,74.67,104.99,121.17,151.39
321,321,1620A,118.2794,34.9976,新光毛纺厂,临沂,167.34,122.5,134.27,126.1,111.9,89.6,64.74,59.95,80.17,114.23,127.06,153.3
322,322,1621A,118.3956,35.0888,河东保险公司,临沂,161.94,115.15,123.39,113.74,99.23,77.31,55.57,50.44,66.4,95.51,113.53,145.69
323,323,1625A,115.9848,36.4372,区政府,聊城,181.22,128.94,144.75,122.34,114.12,96.34,78.44,69.31,87.77,117.18,140.0,167.46
324,324,1629A,118.0018,37.3617,第二水厂,滨州,133.21,104.51,127.17,116.56,110.06,80.77,64.49,53.4,66.94,86.9,110.02,135.6
325,325,1630A,117.9776,37.393,北中新校,滨州,124.41,98.69,119.76,102.71,88.39,71.43,62.5,51.31,64.78,77.71,100.71,126.07
326,326,1631A,118.0414,36.8103,人民公园,淄博,158.54,115.68,137.77,119.16,107.3,89.75,75.18,67.47,84.12,107.91,123.53,151.65
327,327,1633A,117.8525,36.4847,双山,淄博,166.69,119.67,134.22,120.84,100.91,82.41,64.71,58.69,75.44,97.37,120.39,144.26
328,328,1635A,118.3092,36.8194,莆田园,淄博,162.33,121.92,147.3,129.04,118.24,100.22,75.8,69.56,94.55,112.87,132.21,155.83
329,329,1637A,117.558,34.8438,市中区政府,枣庄,187.32,144.54,158.88,135.73,116.47,102.32,73.41,70.66,98.16,130.83,151.22,178.15
330,330,1638A,117.2852,34.7837,薛城环保局,枣庄,167.23,127.88,138.43,120.31,108.93,93.51,63.19,61.6,83.12,111.89,129.78,148.38
331,331,1639A,117.5852,34.7745,峄城区政府,枣庄,180.75,147.17,155.77,135.27,121.22,104.38,75.37,66.61,89.55,121.34,141.26,166.81
332,332,1640A,117.7276,34.5578,台儿庄区环保局,枣庄,174.37,138.71,137.98,121.23,103.04,84.67,58.69,56.83,78.53,108.86,126.76,158.15
333,333,1641A,117.4518,35.0992,山亭区环保局,枣庄,155.32,119.93,124.19,113.67,96.5,80.6,58.37,56.27,72.07,94.44,119.44,135.31
334,334,1645A,121.4478,37.4822,莱山环保局,烟台,69.73,61.3,74.95,71.68,61.34,43.75,35.87,34.3,41.04,54.02,63.73,71.11
335,335,1646A,121.2611,37.4967,福山环保局,烟台,91.44,76.5,88.74,84.82,71.11,53.24,48.98,42.74,50.7,65.24,79.7,89.76
336,336,1650A,119.1437,36.7023,环保局,潍坊,136.11,106.91,122.16,111.22,101.25,79.54,61.65,55.83,74.4,98.53,111.55,125.37
337,337,1653A,116.6251,35.4302,火炬城,济宁,153.48,112.98,120.78,103.53,99.21,82.95,62.45,57.3,69.21,88.29,109.27,133.7
338,338,1655A,116.5491,35.4042,电化厂,济宁,159.73,113.11,122.05,110.6,109.0,84.22,61.1,60.07,72.53,94.92,114.79,137.85
339,339,1656A,117.1437,36.1937,监测站,泰安,151.46,111.29,126.47,110.66,98.6,84.65,66.29,54.77,74.72,98.96,117.2,131.64
340,340,1657A,117.0885,36.2017,人口学校,泰安,140.46,100.61,115.73,103.3,89.45,77.27,61.01,50.87,67.24,87.13,107.5,124.19
341,341,1659A,119.471,35.4209,监测站,日照,132.93,96.21,109.31,101.65,89.45,60.58,47.32,43.53,54.95,79.56,99.26,121.2
342,342,1660A,119.523,35.4216,市政府广场,日照,121.18,88.18,99.67,97.38,82.12,53.48,46.77,41.32,49.77,72.7,88.7,107.92
343,343,1662A,122.1214,37.4236,华夏技校,威海,64.1,58.31,74.99,76.57,63.63,43.06,35.52,31.94,34.97,44.64,53.82,62.14
344,344,1663A,122.0508,37.5236,山大分校,威海,65.51,60.97,72.54,73.05,59.68,41.66,35.17,31.92,34.55,43.62,53.67,62.62
345,345,1669A,113.5824,24.7733,市八中,韶关,58.05,48.76,47.55,50.95,41.96,33.19,38.04,36.93,44.01,45.35,47.53,54.54
346,346,1671A,113.5917,24.7972,园林处,韶关,56.68,49.85,48.13,49.05,41.66,33.51,38.42,38.45,45.79,46.36,47.79,54.46
347,347,1672A,113.6735,24.7791,韶关学院,韶关,51.48,43.69,40.54,43.11,37.63,31.69,37.67,36.19,43.14,43.76,44.88,50.27
348,348,1673A,113.5971,24.6863,曲江监测站,韶关,62.74,50.28,50.39,50.82,43.51,34.68,41.0,41.11,50.02,51.53,54.72,61.67
349,349,1674A,116.6794,23.3667,金平子站,汕头,54.48,49.93,55.23,51.13,38.22,27.08,29.93,33.68,38.97,45.98,47.99,53.1
350,350,1675A,116.7244,23.3633,龙湖子站,汕头,48.76,45.14,49.81,46.49,36.12,25.96,31.14,33.79,39.8,44.21,44.66,47.57
351,351,1676A,116.7258,23.2775,濠江子站,汕头,44.19,43.2,43.28,41.07,31.78,24.71,27.54,29.4,35.72,40.35,39.43,43.64
352,352,1677A,116.7519,23.4714,澄海子站,汕头,52.96,48.73,55.21,51.33,39.56,29.6,33.12,34.02,40.83,45.78,46.82,49.39
353,353,1678A,116.6092,23.2539,潮阳子站,汕头,51.9,49.16,52.86,49.81,35.59,24.62,29.29,31.5,38.01,45.04,46.12,50.54
354,354,1680A,110.3539,21.2706,湛江影剧院,湛江,52.63,46.06,40.07,39.87,32.1,30.68,27.79,29.24,35.61,45.65,47.95,55.94
355,355,1681A,110.3928,21.2228,市环境监测站,湛江,49.99,43.57,38.2,36.85,29.69,27.84,26.26,29.39,36.4,47.37,46.09,53.51
356,356,1682A,110.4019,21.1997,环保局宿舍,湛江,50.92,45.06,37.88,37.45,29.99,29.19,27.97,28.85,34.99,45.69,47.1,54.74
357,357,1683A,110.4111,21.2028,霞山游泳场,湛江,50.18,45.3,37.57,34.89,27.33,25.16,24.24,25.5,32.84,44.5,46.38,53.98
358,358,1684A,110.3316,21.2679,麻章区环保局,湛江,55.7,47.93,41.38,41.75,35.13,32.67,30.36,31.12,39.06,50.68,53.66,61.31
359,359,1686A,111.0286,21.4688,电白南海,茂名,62.23,50.37,41.01,35.87,26.38,21.84,22.93,27.62,36.45,49.03,51.53,61.23
360,360,1687A,110.9294,21.6533,茂石化七小,茂名,65.87,53.96,44.96,41.28,30.56,26.57,27.38,31.23,40.04,52.03,58.11,65.68
361,361,1688A,110.9107,21.6687,健康路,茂名,64.91,51.79,42.35,38.32,26.9,21.93,22.91,26.71,36.17,48.76,54.22,64.15
362,362,1690A,116.1231,24.3284,梅江月梅,梅州,46.06,38.58,39.79,42.3,33.45,24.76,29.69,29.34,37.62,39.25,41.55,42.39
363,363,1691A,116.0797,24.2719,梅县新城,梅州,51.42,41.6,43.5,45.27,36.62,26.09,31.81,30.79,40.87,43.68,46.34,48.47
364,364,1692A,116.1248,24.2654,环境监控中心,梅州,56.28,43.88,48.39,51.07,40.71,30.85,36.11,33.8,44.46,47.77,53.16,53.99
365,365,1693A,115.3653,22.775,市环保局,汕尾,46.47,41.04,41.74,39.49,28.02,21.56,23.26,25.1,33.56,39.99,41.4,42.82
366,366,1694A,115.3706,22.7898,市政府,汕尾,47.19,40.61,45.03,41.47,30.47,25.07,26.25,28.39,33.41,41.06,44.27,44.24
367,367,1695A,115.3622,22.7925,新城中学,汕尾,49.34,42.79,45.03,40.76,30.07,24.04,27.23,28.42,36.27,42.56,45.2,46.04
368,368,1696A,114.6778,23.7569,源西(对照点),河源,53.75,41.79,41.56,45.11,37.77,30.42,36.58,35.69,43.41,48.76,49.57,52.8
369,369,1697A,114.6944,23.7586,东埔,河源,53.41,41.79,42.98,46.11,39.15,29.92,35.54,34.53,43.03,47.41,50.28,52.7
370,370,1698A,114.6892,23.7233,老城,河源,50.64,39.94,41.7,45.03,38.49,29.9,37.36,36.0,43.31,48.01,47.65,51.74
371,371,1701A,111.9491,21.8658,马南垌,阳江,58.42,45.26,45.71,40.58,31.29,25.56,27.11,29.81,39.01,49.19,56.81,58.55
372,372,1703A,113.0208,23.7106,凤城街办,清远,61.8,52.5,57.2,54.38,44.0,34.84,37.24,39.09,43.57,45.43,47.72,51.33
373,373,1705A,116.6367,23.6719,西园路(对照点),潮州,54.05,49.58,57.03,49.65,40.15,29.94,33.63,33.38,39.83,42.93,46.4,44.95
374,374,1706A,116.6447,23.6706,档案局,潮州,54.57,48.58,57.65,52.29,42.71,31.11,36.21,34.55,41.29,44.26,48.71,47.54
375,375,1708A,116.3701,23.5345,新兴,揭阳,63.0,56.3,65.27,57.35,43.83,32.29,36.42,37.08,46.27,54.0,60.96,61.31
376,376,1710A,116.3611,23.5626,东兴,揭阳,62.89,56.05,64.71,58.06,43.39,31.21,36.54,38.54,46.74,53.47,61.28,62.91
377,377,1711A,116.4151,23.5294,渔湖,揭阳,64.66,57.56,65.03,61.12,45.91,34.72,39.53,39.55,48.57,54.43,62.83,64.03
378,378,1714A,112.0539,22.9539,牧羊,云浮,65.56,45.9,52.49,51.77,43.57,35.21,38.59,44.7,53.44,50.46,59.25,62.63
379,379,1715A,102.575,24.3711,东风水库,玉溪,32.28,43.76,57.4,55.25,42.32,24.77,24.51,26.59,25.75,25.33,28.57,35.41
380,380,1718A,115.4208,35.2464,气象局,菏泽,189.45,141.5,152.42,125.61,120.84,100.18,67.14,65.48,93.1,121.78,143.01,169.85
381,381,1726A,113.2711,40.0844,教育学院,大同,115.81,86.53,109.72,92.67,96.28,63.26,51.56,52.1,62.2,80.98,106.01,107.81
382,382,1727A,113.1147,36.1547,清华站,长治,135.87,102.55,117.77,94.82,84.56,68.22,59.98,59.11,67.22,80.53,101.87,116.55
383,383,1728A,113.1031,36.1989,监测站,长治,143.97,107.09,116.42,96.68,91.37,75.65,65.77,61.68,67.2,79.49,108.4,121.73
384,384,1730A,113.0886,36.2125,审计局,长治,136.13,102.12,119.29,98.18,85.84,70.9,57.58,56.19,61.33,72.82,105.08,113.86
385,385,1731A,113.0844,36.1856,长治八中,长治,156.07,109.31,127.67,103.26,92.82,70.53,60.56,59.85,68.15,83.72,118.41,134.33
386,386,1733A,111.5531,36.0783,临钢医院,临汾,188.89,122.74,122.69,107.09,94.78,78.02,66.69,67.17,73.22,86.91,131.95,148.58
387,387,1734A,111.5028,36.0714,技工学校,临汾,182.38,114.85,116.92,96.53,89.46,66.78,52.27,51.61,60.95,78.92,139.02,148.99
388,388,1736A,111.5018,36.0855,市委,临汾,182.53,123.62,126.64,106.5,92.64,73.09,59.5,59.98,67.19,77.92,132.89,146.49
389,389,1738A,113.5758,37.8572,市中心,阳泉,151.41,118.43,150.17,117.98,106.26,89.01,79.58,68.87,82.16,91.89,132.18,124.71
390,390,1739A,113.4894,37.8731,赛鱼,阳泉,129.91,98.08,121.01,97.53,85.61,68.98,67.87,56.07,62.65,78.84,104.85,108.48
391,391,1740A,113.5819,37.8486,南庄,阳泉,156.04,117.63,156.6,124.05,111.07,88.45,82.21,71.12,78.74,90.38,130.38,119.97
392,392,1742A,113.5614,37.8703,平坦,阳泉,138.89,108.76,138.03,98.85,97.64,80.63,77.49,64.15,66.35,81.44,112.62,109.28
393,393,1743A,113.5158,37.8392,大阳泉,阳泉,108.58,85.52,112.19,80.66,71.72,55.75,58.89,47.83,53.72,62.75,84.28,89.28
394,394,1745A,118.9576,42.2728,哈达街,赤峰,68.92,63.19,80.22,82.73,78.33,48.95,48.15,41.57,46.19,61.48,72.83,61.37
395,395,1746A,118.8788,42.2554,天义路,赤峰,55.43,50.73,66.96,71.81,67.6,38.94,36.77,31.36,36.26,55.55,63.76,48.09
396,396,1748A,123.044,41.1196,深沟寺,鞍山,102.84,86.61,94.98,87.7,64.21,46.06,40.5,38.54,43.51,64.02,82.08,80.91
397,397,1749A,123.011,41.0931,太阳城,鞍山,108.62,96.88,100.41,89.44,67.74,50.7,44.91,42.53,48.6,64.58,82.62,86.75
398,398,1750A,123.0485,41.1442,太平,鞍山,130.06,112.6,112.03,99.27,74.7,59.43,49.23,48.48,57.47,78.02,95.58,100.3
399,399,1751A,122.9642,41.0971,铁西三道街,鞍山,138.7,115.26,117.03,106.16,86.97,69.44,60.16,60.5,72.12,98.24,112.59,108.85
400,400,1752A,122.9341,41.0833,铁西工业园区,鞍山,157.63,124.23,127.98,113.72,82.34,65.26,57.2,58.45,72.79,99.79,123.01,122.05
401,401,1753A,123.022,41.0821,明达新区,鞍山,100.89,90.75,93.2,83.99,64.96,48.6,41.76,39.61,46.35,63.22,77.6,80.98
402,402,1755A,123.7977,41.8491,望花区,抚顺,131.02,103.89,104.95,100.82,79.35,52.87,47.98,44.84,58.72,89.17,96.47,108.77
403,403,1757A,124.0436,41.8611,东洲区,抚顺,110.16,94.44,92.95,81.07,62.0,39.44,39.55,33.34,38.38,70.57,81.46,94.03
404,404,1759A,124.0972,41.8961,大伙房水库,抚顺,88.48,74.89,81.72,75.16,56.98,35.81,33.13,27.74,31.3,58.79,68.37,77.45
405,405,1760A,123.7086,41.8391,沈抚新城,抚顺,124.03,97.95,105.5,98.94,76.41,50.32,43.95,40.6,54.16,84.3,92.25,103.66
406,406,1761A,123.8275,41.3064,大峪,本溪,83.55,69.19,71.11,63.22,51.1,37.75,35.71,33.25,35.62,49.01,62.26,72.01
407,407,1762A,123.7567,41.3325,溪湖,本溪,127.03,97.03,101.79,88.71,70.37,50.53,45.95,44.88,56.76,80.76,94.06,103.25
408,408,1763A,123.7169,41.3094,彩屯,本溪,116.34,91.93,98.54,91.11,72.57,60.65,55.78,51.06,59.75,81.59,94.74,104.51
409,409,1765A,123.7992,41.2664,新立屯,本溪,83.93,73.15,73.84,67.42,51.18,36.14,36.45,33.55,33.84,47.56,62.69,68.9
410,410,1766A,123.8142,41.3472,威宁,本溪,107.12,84.29,86.7,84.95,60.7,42.82,40.55,34.36,39.17,63.27,84.03,95.88
411,411,1767A,121.1115,41.0879,南山,锦州,103.14,88.21,97.06,85.79,72.09,52.5,50.13,44.9,51.4,68.13,84.48,89.41
412,412,1768A,121.0533,40.8434,开发区,锦州,114.89,99.34,113.12,110.64,93.01,65.23,55.24,54.95,64.11,85.1,103.94,115.66
413,413,1769A,121.1836,41.1119,百股街道,锦州,106.61,91.38,97.23,91.19,72.72,45.35,46.04,42.26,49.84,69.36,89.92,98.74
414,414,1770A,121.1178,41.1222,天安街道,锦州,94.11,86.31,94.94,92.37,77.53,53.74,49.94,44.86,51.76,71.35,86.8,87.36
415,415,1772A,126.54,43.8622,哈达湾,吉林,100.86,82.69,82.28,95.32,61.92,40.28,40.67,32.55,40.94,65.12,77.5,78.7
416,416,1773A,126.5844,43.8358,东局子,吉林,87.15,73.23,75.29,84.8,57.28,34.93,34.59,28.92,35.07,63.35,73.05,73.26
417,417,1774A,126.5052,43.8245,电力学院,吉林,111.61,86.1,89.82,99.19,64.57,43.1,40.0,32.3,43.18,76.48,87.14,89.52
418,418,1775A,126.6133,43.8972,江北,吉林,104.31,81.6,79.11,88.85,55.59,35.65,36.78,29.24,35.4,65.06,74.61,79.01
419,419,1776A,126.555,43.8306,江南公园,吉林,90.06,76.75,77.98,85.46,59.38,36.56,35.5,29.72,35.89,63.72,74.75,75.27
420,420,1779A,123.9305,47.3636,安居小区,齐齐哈尔,71.48,58.5,61.87,70.39,55.8,35.96,38.78,34.12,37.64,52.15,60.54,61.29
421,421,1780A,123.9488,47.3386,中心广场,齐齐哈尔,61.18,54.34,57.47,63.74,41.73,26.8,31.74,26.99,30.18,44.44,58.28,56.54
422,422,1783A,123.945,47.2988,市环境监测站,齐齐哈尔,78.89,62.94,68.02,81.98,65.19,41.16,42.83,41.77,42.73,58.08,66.13,69.0
423,423,1785A,129.6115,44.5782,文化广场,牡丹江,87.46,77.97,67.18,74.11,48.83,33.78,33.85,31.03,40.92,59.65,72.93,75.43
424,424,1787A,129.6364,44.6075,机车工厂,牡丹江,108.4,93.54,79.19,83.72,61.54,44.35,42.69,36.73,48.86,75.52,88.94,94.84
425,425,1788A,129.6386,44.5462,第一中学,牡丹江,68.8,59.17,53.01,63.93,42.56,28.98,29.92,26.81,30.76,51.6,63.38,62.89
426,426,1789A,124.81117,46.03138,大同区,大庆,98.12,72.2,74.17,87.0,66.49,33.15,32.98,25.82,30.44,52.17,74.31,69.05
427,427,1790A,125.129,46.533,龙凤区,大庆,83.67,64.29,62.56,67.87,55.27,32.45,32.57,28.63,31.29,47.1,67.13,61.15
428,428,1791A,124.902,46.408,红岗区,大庆,68.77,51.21,53.18,60.61,53.64,28.0,29.38,26.32,28.51,39.71,57.93,49.63
429,429,1795A,118.3714,31.4134,科创中心,芜湖,92.36,74.6,75.22,73.35,70.21,46.85,38.47,42.1,51.59,67.83,73.62,94.13
430,430,1796A,118.3673,31.3131,四水厂,芜湖,93.98,72.68,75.53,78.2,68.88,46.29,39.06,40.5,50.98,66.95,76.47,99.54
431,431,1798A,118.5092,31.6837,湖东路四小,马鞍山,97.3,73.01,75.51,73.02,68.9,50.54,44.03,46.21,52.45,63.87,73.49,97.67
432,432,1799A,118.5024,31.6449,开发区,马鞍山,95.91,76.93,78.25,74.56,73.6,52.35,47.46,48.9,57.93,68.42,77.85,93.81
433,433,1800A,118.5228,31.7231,慈湖,马鞍山,111.41,80.43,90.55,89.8,75.44,56.96,52.96,55.24,62.91,73.65,84.39,114.18
434,434,1803A,115.9872,29.6815,十里,九江,100.45,82.67,76.86,79.06,79.32,49.25,49.77,52.3,61.31,70.95,79.64,101.45
435,435,1810A,115.9773,29.5698,庐山气象台(对照点),九江,32.82,35.26,35.86,40.48,37.17,23.82,24.49,28.35,32.53,32.93,27.35,33.8
436,436,1812A,112.3931,34.6516,市委党校,洛阳,180.01,133.41,142.25,120.72,96.41,74.76,61.53,60.76,73.15,96.69,133.53,137.36
437,437,1814A,112.4657,34.6871,豫西宾馆,洛阳,183.24,138.75,145.28,117.28,103.64,80.67,65.8,66.29,77.12,96.95,137.93,154.24
438,438,1815A,112.494,34.6886,河南林校,洛阳,189.98,141.37,146.25,117.78,99.56,77.58,63.06,61.9,70.64,92.11,135.47,149.33
439,439,1816A,112.3844,34.623,开发区管委会,洛阳,166.74,128.69,138.25,110.86,93.9,78.14,61.88,59.68,63.16,84.21,122.45,135.33
440,440,1817A,112.4267,34.6258,市委新办公区,洛阳,177.75,128.74,138.47,113.77,94.23,76.01,64.01,62.29,69.07,90.71,128.67,139.07
441,441,1820A,114.361,36.0681,银杏小区,安阳,195.0,146.61,150.82,130.97,109.6,93.08,76.47,74.07,92.51,107.07,146.74,178.6
442,442,1826A,114.2885,34.7965,世纪星幼儿园,开封,155.94,119.33,124.82,108.71,102.97,84.6,59.24,57.79,77.5,88.22,117.51,138.44
443,443,1828A,113.2269,35.2127,市环保局,焦作,187.61,136.4,138.39,120.66,94.4,81.0,70.83,64.0,77.05,91.9,132.45,153.18
444,444,1834A,113.182,33.774,平顶山工学院,平顶山,166.3,123.17,126.68,104.47,94.36,73.31,55.19,56.7,72.18,87.89,112.92,136.4
445,445,1835A,111.1922,34.7752,市政府,三门峡,152.96,118.46,137.97,109.74,97.37,70.69,62.06,62.53,63.85,76.36,113.22,132.75
446,446,1836A,111.1587,34.7942,开发区,三门峡,154.95,125.21,148.25,113.17,101.02,72.8,64.71,62.94,63.65,78.58,118.37,135.34
447,447,1840A,111.2992,30.6981,白龙岗,宜昌,151.36,111.77,99.45,74.95,68.48,51.5,46.45,46.53,54.81,61.24,83.24,121.92
448,448,1844A,112.2494,30.3197,市图书馆,荆州,139.75,105.41,94.49,75.1,77.49,54.58,44.94,51.2,67.03,74.18,94.66,125.57
449,449,1845A,112.2008,30.3544,市委党校,荆州,140.73,106.84,96.94,75.47,75.14,53.93,45.29,51.55,67.96,76.01,96.95,126.45
450,450,1847A,113.1094,29.3578,南湖风景区,岳阳,106.37,82.98,74.94,67.15,61.24,40.28,37.21,40.18,54.0,62.62,75.67,96.15
451,451,1848A,113.1493,29.4251,城陵矶,岳阳,105.97,80.66,79.96,69.77,67.11,45.66,41.28,45.79,61.69,64.29,76.71,95.58
452,452,1849A,113.1497,29.3575,开发区,岳阳,106.91,83.28,72.81,68.92,65.17,44.79,39.4,43.2,58.07,62.83,71.43,98.21
453,453,1850A,113.2621,29.4758,云溪区,岳阳,111.46,83.68,75.34,68.81,65.96,42.09,38.82,42.74,57.2,60.91,74.46,99.92
454,454,1851A,112.9943,29.4402,君山区,岳阳,110.05,80.31,69.12,62.4,64.59,40.65,39.1,42.93,58.02,64.56,72.65,94.96
455,455,1852A,113.2117,29.355,金凤水库(对照点),岳阳,99.6,70.52,65.14,57.98,54.89,36.9,33.02,36.5,51.36,56.95,65.35,89.49
456,456,1854A,111.6975,28.9703,市二中,常德,102.72,88.48,76.11,65.89,63.46,44.06,39.18,42.71,58.47,60.49,69.69,90.24
457,457,1858A,110.5319,29.1217,永定新区,张家界,119.87,83.47,72.27,59.27,56.92,38.72,38.56,41.75,52.84,54.36,67.51,111.59
458,458,1862A,110.4144,25.3167,电子科大尧山校区(对照点),桂林,57.16,50.3,45.4,44.95,38.86,28.43,31.11,34.9,49.01,47.45,44.92,55.98
459,459,1863A,110.2819,25.2697,监测站,桂林,76.29,69.35,60.41,58.41,49.91,34.6,34.47,38.99,52.98,52.54,55.06,68.51
460,460,1864A,110.3089,25.2708,龙隐路小学,桂林,72.1,65.76,57.83,55.3,48.41,34.26,35.54,38.66,51.61,50.43,52.18,64.54
461,461,1865A,110.2869,25.2178,八中,桂林,83.98,69.26,64.33,62.15,51.96,36.4,37.57,41.33,57.34,55.53,60.45,74.63
462,462,1867A,109.1436,21.4086,海滩公园,北海,60.15,54.4,46.91,43.96,34.09,34.94,32.12,30.22,33.43,47.69,50.5,62.07
463,463,1868A,109.0981,21.4661,新市环保局,北海,57.75,52.81,44.55,40.72,28.92,23.6,21.13,23.28,31.56,44.04,47.3,56.92
464,464,1869A,109.1778,21.5233,北海工业园,北海,70.83,59.69,51.99,48.23,36.88,30.64,28.53,31.77,43.16,54.11,59.37,70.42
465,465,1871A,109.4157,24.3277,环保监测站,柳州,82.55,74.49,68.75,62.38,51.87,36.22,42.07,48.2,59.63,61.92,64.54,79.29
466,466,1872A,109.389,24.341,河西水厂,柳州,80.53,74.6,66.85,58.26,52.48,35.67,40.07,44.57,57.06,62.36,66.82,82.3
467,467,1873A,109.4311,24.2921,市四中,柳州,89.41,77.27,70.89,63.14,52.43,37.84,42.26,48.71,58.24,61.16,68.23,84.08
468,468,1875A,109.4958,24.3134,古亭山,柳州,64.58,58.54,55.53,52.59,43.87,32.74,37.41,39.22,47.92,48.84,48.66,62.27
469,469,1876A,109.5078,18.2489,河东子站,三亚,31.87,30.0,29.08,26.94,21.29,21.2,20.64,21.08,22.79,29.66,29.03,32.09
470,470,1877A,109.4964,18.2681,河西子站,三亚,30.28,28.6,29.5,27.14,22.37,21.24,20.57,21.12,22.38,29.0,28.9,31.62
471,471,1878A,104.7778,31.4741,富乐山,绵阳,87.4,76.8,65.1,50.27,52.3,40.38,32.64,32.09,29.52,35.0,57.13,89.92
472,472,1879A,104.7563,31.4535,市人大,绵阳,105.55,90.46,78.1,61.65,64.92,51.32,41.39,40.25,39.68,46.94,72.07,102.92
473,473,1880A,104.6697,31.4668,高新区自来水公司,绵阳,113.72,92.72,83.34,65.39,66.18,52.98,42.18,40.58,41.58,50.76,80.13,112.75
474,474,1881A,104.7287,31.5075,三水厂,绵阳,119.96,98.17,88.62,70.97,71.09,54.82,43.83,43.17,43.27,52.21,81.3,114.09
475,475,1882A,104.563,28.793,石马中学(对照点),宜宾,119.0,93.76,84.03,61.66,60.49,44.72,38.95,39.47,40.24,55.51,82.58,98.22
476,476,1883A,104.6201,28.7728,市委,宜宾,108.77,93.3,81.38,62.27,61.2,47.23,41.46,42.9,40.45,52.61,79.56,94.56
477,477,1884A,104.6055,28.793,宜宾四中,宜宾,123.91,101.67,88.45,69.93,67.57,51.14,44.46,43.75,45.16,64.29,89.74,108.32
478,478,1885A,104.639,28.7562,市政府,宜宾,110.77,92.6,84.27,66.76,66.62,48.43,42.04,41.26,40.57,53.61,82.77,103.42
479,479,1886A,104.5742,28.7199,黄金嘴,宜宾,111.25,97.61,88.59,69.17,67.62,50.42,43.43,43.91,43.24,54.54,79.18,91.76
480,480,1888A,101.6891,26.571,弄弄坪,攀枝花,94.11,69.61,71.79,62.95,52.59,41.24,46.45,50.32,51.77,59.4,72.06,80.38
481,481,1889A,101.5769,26.5928,河门口,攀枝花,73.28,61.4,64.17,61.79,52.33,41.68,43.62,46.88,48.25,51.39,58.46,71.01
482,482,1890A,101.7169,26.585,炳草岗,攀枝花,78.84,63.6,67.66,63.38,51.83,40.88,48.28,50.58,50.26,57.52,73.14,80.36
483,483,1891A,101.7369,26.5008,仁和,攀枝花,69.26,50.86,58.28,53.44,44.3,34.14,40.25,44.19,42.82,43.87,55.42,67.03
484,484,1893A,105.4324,28.9634,九狮山(对照点),泸州,99.69,85.15,70.4,54.76,57.47,43.13,37.0,40.85,41.31,46.86,70.01,85.67
485,485,1894A,105.4427,28.9063,小市上码头,泸州,115.23,97.68,85.51,66.2,67.81,53.55,44.0,48.58,48.86,60.53,80.88,97.49
486,486,1895A,105.4241,28.8573,兰田宪桥,泸州,103.68,90.39,77.54,59.7,58.31,47.34,37.82,41.27,41.91,53.92,74.8,88.73
487,487,1896A,105.4379,28.8833,市环监站,泸州,105.14,89.95,75.82,57.14,55.33,43.49,34.54,37.79,41.23,52.15,74.16,88.37
488,488,1901A,104.4239,31.1208,东山公园,德阳,106.34,92.06,83.46,71.57,70.17,53.13,40.39,41.78,39.66,49.33,76.83,108.4
489,489,1902A,104.3826,31.1317,西小区,德阳,124.53,100.6,95.0,79.44,73.75,58.34,47.03,48.12,47.72,59.03,87.96,123.19
490,490,1904A,104.3553,31.1091,耐火材料厂,德阳,131.17,104.9,99.08,83.8,81.36,65.3,52.04,53.84,51.47,62.3,94.81,130.33
491,491,1906A,106.0789,30.8023,南充市委,南充,109.07,93.77,78.75,62.14,68.47,48.23,45.4,46.2,46.49,51.35,70.09,95.7
492,492,1907A,106.1031,30.8217,南充炼油厂,南充,111.58,96.49,81.5,65.72,74.34,52.35,48.64,53.64,51.17,56.76,77.54,100.14
493,493,1908A,106.1064,30.7856,高坪区监测站,南充,116.51,97.86,80.37,68.61,74.44,54.71,50.79,55.44,54.8,58.7,79.36,109.96
494,494,1909A,106.0642,30.7636,嘉陵区环保局,南充,104.73,88.8,72.8,58.02,62.41,42.88,39.89,41.99,41.11,46.47,65.08,93.51
495,495,1910A,106.1087,30.8388,市环境监测站,南充,104.7,89.86,71.66,61.01,69.5,46.95,43.9,46.64,44.3,48.17,67.74,96.88
496,496,1911A,106.9222,27.6869,丁字口,遵义,64.55,62.4,58.3,54.94,50.13,36.81,39.07,41.1,44.28,41.12,49.75,66.64
497,497,1912A,106.9242,27.7019,凤凰山,遵义,49.46,50.76,48.97,41.08,36.8,27.81,29.52,29.38,34.41,34.82,38.94,54.51
498,498,1913A,106.8906,27.6486,忠庄,遵义,63.19,60.67,57.94,53.93,48.92,41.31,39.28,39.59,45.3,45.58,53.63,69.52
499,499,1915A,106.9178,27.72,干田坝,遵义,57.46,56.86,57.15,51.33,45.75,35.63,32.74,32.19,38.94,41.18,46.14,59.57
500,500,1916A,103.7897,25.5035,环境监测站,曲靖,45.3,51.16,63.81,59.38,47.42,32.51,34.35,38.55,37.43,37.58,44.02,53.58
501,501,1917A,103.8,25.5364,烟厂办公区,曲靖,46.64,49.08,64.69,57.18,45.8,30.14,32.43,35.74,31.16,34.12,44.32,53.62
502,502,1919A,108.673,34.3155,实验中学,咸阳,182.67,147.34,159.94,121.31,117.03,74.14,64.39,64.93,76.67,98.9,160.07,178.43
503,503,1920A,108.7233,34.3617,师范学院,咸阳,170.28,131.91,149.5,117.69,111.3,71.77,61.12,61.79,70.3,92.04,146.46,168.11
504,504,1923A,109.0697,35.0697,王益区政府,铜川,126.02,103.55,120.09,92.68,85.54,58.79,51.6,50.02,55.18,72.43,107.87,117.03
505,505,1924A,108.9344,34.9058,新区管委会,铜川,128.17,104.81,125.49,95.46,85.63,60.79,51.91,52.2,56.37,74.67,110.66,115.58
506,506,1930A,107.185,34.3063,庙沟村(对照点),宝鸡,117.84,100.09,109.5,75.58,67.79,41.2,41.32,43.74,42.98,60.89,97.81,110.7
507,507,1932A,107.1906,34.3672,三陆医院,宝鸡,149.38,127.2,132.55,95.75,83.53,53.01,53.52,56.21,57.34,80.47,127.87,148.43
508,508,1933A,107.1431,34.3547,监测站,宝鸡,142.57,117.15,120.49,86.67,76.64,48.79,47.14,48.38,47.12,64.84,110.53,132.32
509,509,1934A,107.1186,34.3739,技工学校,宝鸡,142.13,120.56,131.16,95.72,86.32,56.12,55.37,55.28,53.89,71.33,110.51,130.53
510,510,1935A,107.3906,34.3528,陈仓区环保局家属楼,宝鸡,169.13,138.63,138.99,103.6,92.68,59.21,54.98,59.17,60.23,85.46,134.95,164.6
511,511,1939A,109.4974,34.4877,日报社,渭南,177.31,143.02,159.51,117.46,103.88,66.79,57.16,58.63,71.07,86.68,148.16,170.81
512,512,1940A,109.4636,34.493,体育馆,渭南,181.83,142.01,165.24,124.74,107.97,75.16,62.42,60.81,72.73,91.91,148.58,183.79
513,513,1941A,109.4259,34.5023,高新一小,渭南,176.89,138.04,146.15,114.8,101.4,70.9,60.79,61.92,74.59,89.27,145.21,170.81
514,514,1943A,102.1725,38.5339,新川苑,金昌,88.17,85.46,165.74,103.32,126.54,65.78,57.48,47.11,52.34,72.58,97.85,88.51
515,515,1944A,102.1692,38.5167,天庆家园,金昌,111.61,109.58,194.28,114.83,136.15,68.03,59.9,50.13,55.65,81.73,113.25,107.37
516,516,1945A,98.2908,39.7711,气象局,嘉峪关,89.33,95.07,170.62,103.2,113.97,82.08,66.58,64.43,64.93,90.79,87.67,82.46
517,517,1947A,106.3394,38.817,沙湖旅游区(对照点),石嘴山,158.68,124.94,165.94,117.46,129.86,79.72,68.14,59.45,67.24,95.48,127.52,137.99
518,518,1948A,106.3668,39.0145,大武口朝阳西街,石嘴山,144.66,113.27,143.39,108.41,125.33,74.97,67.17,60.15,67.03,89.42,127.61,130.63
519,519,1949A,106.7704,39.2282,惠农南大街,石嘴山,146.9,117.92,158.59,124.37,149.26,82.6,69.25,63.12,62.0,93.17,123.34,118.58
520,520,1951A,84.895,45.6094,长征新村,克拉玛依,95.08,76.58,48.04,48.14,45.4,39.14,36.71,40.19,48.83,51.52,60.57,90.03
521,521,1952A,84.8988,45.5893,南林小区,克拉玛依,100.18,78.18,38.89,35.68,31.97,24.84,28.36,30.84,41.06,48.46,65.27,94.42
522,522,1954A,84.905,44.3396,独山子区,克拉玛依,143.32,131.94,70.48,54.38,38.41,26.19,29.82,29.6,39.65,52.55,77.59,119.42
523,523,1955A,85.6979,46.098,乌尔禾区商贸楼,克拉玛依,95.19,82.46,49.44,52.91,46.7,41.86,46.16,47.73,49.42,49.18,56.36,88.03
524,524,1957A,86.1972,41.7166,棉纺厂,巴音郭楞州,127.0,227.0,328.16,195.0,162.67,86.82,89.42,77.56,98.05,149.37,174.88,133.99
525,525,1961A,117.532,36.6868,东山小学,济南,161.37,114.85,140.03,124.73,101.37,84.58,68.73,59.27,82.83,107.78,126.13,145.55
526,526,1982A,122.0693,37.2174,文登开发区,威海,66.39,58.24,66.52,64.76,55.02,40.47,35.49,29.86,36.34,46.02,57.62,66.52
527,527,2054A,114.1099,32.1059,平桥分局,信阳,149.97,117.75,110.97,87.96,76.73,55.2,44.79,49.86,64.55,76.97,103.32,134.81
528,528,2064A,113.9956,32.1271,南湾水厂,信阳,123.8,93.25,91.57,76.64,65.61,43.14,36.82,42.27,54.11,63.92,84.53,108.3
529,529,2065A,114.0775,32.1195,市酿酒公司,信阳,144.13,111.12,102.31,81.85,71.53,47.95,37.25,42.25,56.1,69.38,94.87,123.41
530,530,2066A,114.0609,32.1399,审计局,信阳,154.23,118.03,109.47,89.11,82.03,55.11,44.77,48.97,61.24,77.5,102.61,137.02
531,531,2067A,114.6613,33.6128,市环境监测站,周口,170.94,133.9,122.48,110.77,104.57,79.02,51.95,53.66,77.13,97.03,118.78,145.81
532,532,2068A,114.6758,33.6347,周口师范,周口,158.21,127.16,116.32,98.78,93.11,69.53,47.17,52.18,75.91,94.43,114.53,137.99
533,533,2070A,114.6369,33.6406,川汇区环保局,周口,161.39,129.33,115.92,102.96,95.3,67.76,45.11,49.46,73.3,93.34,117.78,146.71
534,534,2160A,112.85,35.5051,自来水公司,晋城,151.29,118.25,137.41,122.06,97.46,82.27,74.48,68.08,72.0,81.41,118.38,122.81
535,535,2161A,112.8318,35.4936,白云商贸,晋城,160.57,124.33,140.75,126.45,108.01,94.03,81.15,68.66,72.84,90.24,127.49,122.84
536,536,2162A,112.8508,35.4887,市环保局,晋城,157.67,118.2,136.11,122.99,99.06,86.66,76.48,68.46,73.9,86.88,119.66,125.05
537,537,2163A,112.8676,35.4897,技术学院,晋城,161.92,122.9,137.0,125.48,100.95,85.69,68.73,62.28,70.14,82.18,124.76,129.93
538,538,2167A,112.4575,39.3617,朔唯,朔州,154.41,114.26,137.69,121.87,117.92,81.8,69.37,66.77,73.57,92.3,122.33,132.46
539,539,2168A,112.4258,39.3197,区政府,朔州,160.08,119.98,139.89,107.45,104.82,75.09,68.09,64.54,69.42,89.07,117.06,121.42
540,540,2169A,112.4072,39.3278,市环保局,朔州,150.43,102.58,125.72,97.85,98.14,70.29,62.14,62.81,61.47,78.66,109.81,120.66
541,541,2171A,112.7532,37.6945,锦纶小区,晋中,138.23,103.61,120.98,96.11,90.26,73.8,57.98,54.09,64.09,80.11,112.2,115.84
542,542,2173A,112.7249,37.7067,南都小区,晋中,140.17,102.54,123.62,99.05,97.29,80.25,64.91,58.66,69.39,85.25,119.56,118.49
543,543,2174A,112.6991,37.6982,榆次区政府,晋中,147.78,106.89,128.71,98.43,95.73,83.18,65.81,59.97,72.57,87.39,125.74,124.81
544,544,2175A,110.9956,35.0147,运城中学,运城,175.02,123.44,124.82,97.1,94.56,68.98,56.01,57.65,61.01,76.17,123.23,156.72
545,545,2178A,110.9686,35.0303,地区技校,运城,184.93,127.0,124.98,94.85,91.49,68.55,56.23,56.65,59.98,79.15,130.34,166.43
546,546,2181A,112.7383,38.4519,开发区,忻州,134.59,94.0,122.68,83.09,80.59,61.47,56.76,49.49,56.62,71.2,106.66,106.19
547,547,2182A,112.7003,38.4928,会展中心,忻州,146.04,107.34,125.22,88.48,79.71,58.07,55.29,46.34,57.19,72.26,110.04,117.04
548,548,2183A,111.1406,37.5211,环保局,吕梁,124.17,93.07,120.07,89.77,87.09,71.42,62.94,60.37,64.16,76.33,110.04,110.73
549,549,2187A,106.8174,39.6973,市林业局,乌海,115.82,109.17,141.83,119.97,134.78,79.82,72.1,63.18,70.85,82.64,107.43,102.46
550,550,2191A,122.2532,43.6801,艺术职业学校,通辽,68.05,60.1,80.69,94.01,91.47,50.16,53.03,43.19,47.98,58.68,68.0,63.85
551,551,2192A,119.7594,49.2261,区环保局,呼伦贝尔,51.89,46.13,41.04,49.41,50.78,41.04,35.27,36.54,35.92,32.22,37.46,39.8
552,552,2195A,107.4212,40.761,附二中,巴彦淖尔,123.07,101.18,132.02,121.6,124.64,75.14,61.49,60.09,66.42,93.54,108.36,94.09
553,553,2197A,113.1306,40.9923,集宁新区,乌兰察布,64.65,55.28,78.17,67.98,74.89,41.56,39.46,34.29,33.98,46.78,63.22,58.48
554,554,2201A,121.9504,46.0741,科右前旗环保局,兴安盟,40.7,36.68,50.29,50.91,46.42,31.6,32.86,31.0,30.5,37.46,42.1,36.46
555,555,2202A,116.1042,43.9317,市环保监测站,锡林郭勒盟,35.85,36.5,62.96,88.93,77.16,36.46,29.24,28.92,29.33,35.94,43.49,32.99
556,556,2203A,116.0781,43.9311,市政府,锡林郭勒盟,34.04,37.59,56.02,76.65,62.47,31.5,27.47,24.13,28.08,34.92,39.92,31.21
557,557,2204A,105.6467,38.8363,西城区西花园(对照点),阿拉善盟,76.0,81.97,139.12,98.53,113.45,68.36,59.1,49.99,48.38,60.07,71.41,60.3
558,558,2205A,105.6985,38.8411,蒙二幼,阿拉善盟,79.55,82.1,135.54,95.84,113.6,67.78,61.93,54.54,45.27,57.67,70.08,62.29
559,559,2206A,105.724,38.8516,环保局新楼,阿拉善盟,67.27,73.31,126.47,90.51,106.89,59.56,51.18,41.76,38.49,49.51,59.52,50.2
560,560,2207A,121.6094,41.998,工业园区,阜新,102.38,86.0,102.05,116.32,98.14,56.49,52.46,44.75,52.51,76.05,95.7,94.98
561,561,2208A,121.6697,42.0279,长青街,阜新,88.48,79.76,98.73,104.09,84.24,51.92,48.12,40.38,52.17,70.9,87.21,88.01
562,562,2209A,121.6673,42.0705,农业园区,阜新,62.53,57.51,73.48,87.36,79.67,46.61,45.95,37.65,41.64,53.4,64.68,57.79
563,563,2210A,121.6717,42.0224,东苑,阜新,96.07,91.58,112.27,119.81,106.09,63.88,56.78,53.63,61.11,80.11,95.17,94.52
564,564,2211A,121.6506,42.0498,玉龙新城,阜新,86.67,78.94,96.7,101.74,85.95,51.8,50.43,42.6,49.22,67.63,81.39,80.11
565,565,2212A,123.2,41.1953,宏伟区,辽阳,100.23,80.01,91.85,84.58,65.07,45.15,41.53,40.38,47.03,63.99,77.62,79.49
566,566,2213A,123.1683,41.2495,新华园,辽阳,111.41,91.76,96.87,88.71,68.99,52.8,50.36,49.6,55.37,73.68,85.81,86.89
567,567,2214A,123.2354,41.2639,滨河路,辽阳,96.71,81.46,93.07,91.52,71.95,47.88,46.89,47.11,53.66,71.72,83.12,80.0
568,568,2215A,123.149,41.2991,铁西工业园,辽阳,131.6,99.78,111.84,105.81,80.41,56.64,55.93,54.38,66.34,86.68,98.71,102.55
569,569,2216A,123.8139,42.3022,汇工街西,铁岭,116.54,94.56,109.72,107.3,83.03,52.28,51.35,39.46,48.12,76.08,87.89,98.11
570,570,2219A,123.7153,42.2217,金沙江路北,铁岭,99.81,82.85,100.63,94.37,77.93,47.3,46.58,36.46,44.09,66.16,76.73,83.79
571,571,2220A,120.4318,41.5881,西梁,朝阳,104.36,77.59,97.93,91.26,78.51,53.79,49.64,49.94,52.43,69.54,88.09,93.86
572,572,2221A,120.4521,41.5646,河畔小区,朝阳,83.78,68.79,83.73,80.7,73.84,47.37,47.11,42.22,44.9,59.52,73.5,73.01
573,573,2222A,120.4176,41.5648,八里堡,朝阳,101.23,84.08,96.07,91.98,85.9,55.58,52.98,52.25,56.32,72.65,83.73,91.7
574,574,2223A,120.3806,41.5969,农业园区,朝阳,82.97,69.38,82.48,77.24,71.77,47.79,46.02,40.78,46.64,59.49,75.63,76.02
575,575,2225A,124.4002,43.1713,一商场,四平,104.97,87.72,109.07,111.56,84.17,58.74,55.22,43.54,50.5,75.42,83.28,88.86
576,576,2226A,124.388,43.193,境园,四平,89.47,71.47,89.42,95.88,69.67,46.54,50.97,33.65,40.32,62.21,71.33,77.12
577,577,2227A,125.1358,42.8845,环保局,辽源,90.35,70.93,68.05,64.22,44.35,34.51,33.4,26.82,36.07,62.3,62.13,72.62
578,578,2229A,125.9358,41.7173,光明,通化,93.86,69.49,63.93,60.12,49.0,37.5,36.15,33.48,43.66,56.42,67.08,72.8
579,579,2230A,125.9446,41.7325,铁路,通化,100.94,77.21,68.65,61.63,51.44,38.85,36.86,33.71,44.63,58.13,61.99,76.96
580,580,2231A,126.4219,41.9171,喜丰,白山,98.06,84.87,83.81,81.68,67.69,48.77,46.63,41.26,53.52,68.95,74.6,89.92
581,581,2232A,126.4077,41.9419,环保局,白山,96.76,85.6,74.51,65.83,53.64,40.21,37.66,33.44,42.73,62.12,72.17,91.4
582,582,2236A,122.8738,45.5725,市环保局,白城,67.94,60.11,70.7,75.41,61.16,39.08,41.95,32.48,35.6,51.25,61.21,60.75
583,583,2237A,129.47,42.8883,妇幼医院,延边朝鲜族自治州,59.13,52.77,55.97,54.19,40.22,23.25,23.87,21.42,25.19,38.26,49.85,54.97
584,584,2239A,129.3964,42.8881,朝阳川镇医院,延边朝鲜族自治州,52.15,49.29,54.5,57.78,42.32,22.44,24.37,22.13,24.29,36.12,44.16,47.25
585,585,2240A,130.9762,45.3001,环保局,鸡西,57.04,50.97,51.95,61.11,40.39,29.92,32.18,28.4,36.39,53.45,57.27,53.29
586,586,2243A,130.9429,45.3039,第一中学,鸡西,50.91,44.67,47.68,64.14,40.37,27.85,30.98,25.53,32.1,44.87,52.95,43.53
587,587,2244A,130.2537,47.3416,哈啤分公司,鹤岗,61.87,50.95,48.64,57.27,43.36,36.54,36.45,30.56,29.49,47.15,48.35,47.13
588,588,2250A,131.1524,46.6554,环保局,双鸭山,76.4,67.71,56.0,61.85,41.12,33.49,32.48,29.92,32.04,48.07,59.98,60.34
589,589,2255A,130.2751,46.8028,佳纺,佳木斯,83.85,66.64,55.31,66.93,41.01,31.81,34.1,28.12,30.94,60.54,63.14,67.09
590,590,2258A,130.3648,46.8032,十一中,佳木斯,72.16,58.87,49.32,59.39,39.76,29.23,33.3,27.17,31.1,55.09,57.98,59.6
591,591,2270A,117.396,32.939,工人疗养院,蚌埠,118.44,88.68,97.46,91.89,87.88,63.99,48.07,47.3,63.1,83.81,98.11,113.15
592,592,2271A,117.3605,32.9427,百货大楼,蚌埠,122.01,92.3,100.22,97.67,85.66,70.33,50.12,48.77,61.52,85.15,102.83,121.54
593,593,2273A,117.4185,32.8911,蚌埠学院,蚌埠,118.17,89.34,97.7,88.21,81.23,59.92,44.74,46.29,62.31,82.29,96.81,119.87
594,594,2274A,117.3533,32.9673,淮上区政府,蚌埠,126.88,97.51,107.0,99.6,88.33,66.24,49.42,51.58,68.55,88.84,106.13,125.19
595,595,2275A,117.3145,32.8977,高新区,蚌埠,116.84,91.16,97.43,91.56,85.37,62.24,44.85,45.65,59.05,77.53,94.57,119.29
596,596,2277A,116.8305,32.7727,潘集区政府,淮南,126.81,106.76,105.34,94.87,92.83,68.67,47.59,52.02,67.8,92.87,116.15,131.46
597,597,2281A,116.6325,32.6201,焦岗湖风景区管理处(对照点),淮南,111.68,88.52,91.77,76.93,74.37,56.53,40.89,47.63,60.84,83.44,101.62,127.68
598,598,2282A,116.8004,33.975,监测站,淮北,134.73,100.21,101.52,92.06,91.38,67.12,47.88,50.47,59.26,84.42,103.58,123.13
599,599,2283A,116.8091,33.9007,烈山区政府,淮北,134.14,105.62,108.51,96.6,89.84,65.49,42.82,46.37,65.41,91.09,105.11,124.51
600,600,2284A,116.7856,33.9477,职业技术学院,淮北,137.23,103.5,103.71,94.3,91.99,66.46,46.61,50.09,67.19,93.08,107.26,130.57
601,601,2285A,117.8177,30.9412,市第四中学,铜陵,105.18,82.53,79.6,76.16,75.96,46.98,40.04,47.49,55.44,70.26,81.51,106.09
602,602,2286A,117.8059,30.9273,市公路局,铜陵,113.26,90.64,87.13,86.78,84.73,54.9,48.66,54.39,62.74,75.43,89.96,110.71
603,603,2287A,117.7807,30.9413,市新民污水厂,铜陵,107.04,87.41,84.63,80.13,81.21,54.3,46.3,52.5,56.86,69.13,81.04,102.58
604,604,2288A,117.7439,30.8792,市第九中学,铜陵,113.05,91.48,93.07,86.12,85.76,56.71,50.61,56.57,67.88,84.19,94.27,117.35
605,605,2289A,117.846,30.9413,车站新区,铜陵,103.09,80.26,79.59,73.69,71.76,47.47,39.71,48.42,56.21,70.15,78.77,104.45
606,606,2290A,117.8483,30.97,市职教基地,铜陵,102.85,81.33,78.04,69.68,72.5,48.13,43.89,48.6,56.31,64.99,79.08,100.06
607,607,2291A,117.0809,30.5177,环科院,安庆,93.07,79.06,73.39,65.3,67.16,43.55,37.48,40.35,49.8,60.9,70.59,94.46
608,608,2295A,118.2903,29.6963,延安路89号,黄山,49.92,46.52,43.52,45.47,42.47,31.39,27.47,29.59,36.13,40.52,41.72,50.67
609,609,2296A,118.327,29.7178,黄山东路89号,黄山,58.09,53.85,49.62,48.55,40.14,25.65,23.84,27.81,34.62,40.47,43.8,61.54
610,610,2297A,118.1371,30.2756,黄山区政府5号楼,黄山,64.28,50.93,48.0,42.85,37.32,24.4,21.68,27.21,35.14,40.73,42.76,60.88
611,611,2298A,118.3093,32.3153,老年大学,滁州,117.48,88.38,94.87,85.93,76.95,60.12,46.87,45.2,54.56,72.96,86.52,107.42
612,612,2299A,118.3244,32.2786,人大宾馆,滁州,105.16,82.65,87.79,81.61,74.74,59.4,47.29,45.51,54.26,70.28,81.96,99.35
613,613,2301A,115.8277,32.8929,市监测站,阜阳,129.17,98.91,94.95,84.84,75.16,52.93,39.51,47.0,66.21,85.65,108.78,125.61
614,614,2303A,115.8554,32.8605,开发区,阜阳,137.25,104.37,106.1,92.36,82.72,55.7,38.01,46.92,65.68,95.09,119.94,136.67
615,615,2307A,116.5079,31.737,监测大楼,六安,106.56,80.72,84.84,78.33,73.98,51.72,43.4,50.07,59.63,73.58,88.32,109.23
616,616,2308A,116.4738,31.7643,皖西学院,六安,104.98,82.24,85.37,78.64,75.84,50.79,43.13,49.51,59.67,76.31,93.62,115.06
617,617,2310A,116.5567,31.7886,开发区,六安,106.86,79.61,85.86,78.28,70.24,49.01,38.79,43.61,56.6,72.3,88.88,116.29
618,618,2311A,115.8072,33.8399,污水处理厂,亳州,136.04,107.56,101.7,89.74,76.22,59.3,38.23,45.86,64.52,90.09,105.64,124.06
619,619,2314A,117.47,30.6618,池州学院,池州,105.14,69.52,68.0,62.88,59.57,38.87,31.85,37.54,50.81,63.34,71.33,96.44
620,620,2316A,118.7581,30.9454,鳌峰子站,宣城,85.57,67.63,67.93,69.03,63.5,47.49,38.3,40.34,48.99,58.29,66.07,86.94
621,621,2317A,118.7385,30.9743,敬亭山子站,宣城,83.67,65.83,66.58,64.24,64.01,48.07,38.07,41.48,49.39,62.08,67.99,87.61
622,622,2318A,118.7173,30.9427,开发区子站,宣城,82.75,67.41,66.53,63.86,58.37,42.3,34.66,37.61,46.7,58.24,64.59,86.08
623,623,2320A,119.0015,25.4553,莆田市监测站,莆田,43.15,43.2,47.51,49.38,41.8,34.95,37.4,33.15,33.8,33.54,32.22,37.0
624,624,2321A,119.1119,25.4561,涵江区六中,莆田,48.91,47.55,52.15,55.0,45.62,34.79,38.8,35.57,37.36,38.3,39.01,42.68
625,625,2322A,119.1013,25.3215,秀屿区政府,莆田,50.85,49.97,49.66,53.37,42.69,31.27,35.7,34.46,39.51,44.36,43.66,45.91
626,626,2324A,117.6211,26.2625,三钢,三明,47.18,40.9,44.98,48.67,40.89,36.41,38.89,37.71,38.84,39.89,39.59,44.07
627,627,2325A,117.635,26.2714,三明二中,三明,45.97,41.21,43.53,46.93,38.45,34.14,35.5,33.34,37.22,39.09,38.55,42.93
628,628,2326A,117.6028,26.2378,三元区政府,三明,53.83,42.6,50.37,54.43,46.3,38.71,40.92,39.29,43.13,45.22,46.51,52.18
629,629,2332A,118.1681,26.6369,南平市监测站,南平,40.08,37.6,36.62,38.34,30.05,23.06,25.36,24.78,29.11,34.25,31.93,37.05
630,630,2334A,118.1756,26.6272,南平七中,南平,43.42,40.28,38.61,39.96,32.37,25.71,28.81,28.19,32.68,34.75,35.01,41.09
631,631,2336A,117.0217,25.1033,龙岩市监测站,龙岩,47.86,41.57,42.98,44.45,36.05,26.82,32.84,33.22,38.21,37.23,41.17,42.55
632,632,2337A,117.0258,25.0661,闽西职业技术学院,龙岩,54.07,41.02,46.96,49.7,40.36,30.93,39.39,38.94,44.37,45.35,48.54,51.71
633,633,2341A,119.5388,26.6612,宁德市监测站,宁德,53.8,47.46,45.15,51.57,43.09,35.75,36.49,32.82,34.12,38.91,39.64,46.68
634,634,2343A,117.2117,29.2933,老干部活动中心,景德镇,71.06,61.31,59.12,63.54,57.13,42.98,44.28,45.96,47.91,50.34,55.04,72.78
635,635,2344A,117.1894,29.2789,兽医站,景德镇,74.5,65.91,60.76,64.58,57.97,39.6,41.41,44.08,48.05,51.67,53.29,71.62
636,636,2345A,117.1547,29.2617,台达陶瓷,景德镇,77.01,63.57,64.99,73.91,63.26,45.63,52.39,52.2,55.5,56.18,60.53,80.79
637,637,2346A,117.2461,29.2956,陶研所,景德镇,68.9,57.47,58.16,59.05,52.83,37.19,42.29,44.9,49.7,54.95,52.15,68.96
638,638,2348A,113.8385,27.6434,中医院,萍乡,123.05,92.47,76.24,71.01,63.96,43.52,46.01,51.91,66.87,78.3,81.11,116.15
639,639,2349A,113.8493,27.6253,市政府车库,萍乡,113.39,86.28,73.86,68.17,60.05,38.37,38.98,45.11,60.3,68.26,74.1,109.03
640,640,2350A,113.8676,27.6435,市环保局,萍乡,111.1,80.82,67.38,62.65,58.07,38.59,38.05,42.52,59.64,70.31,72.18,107.68
641,641,2351A,113.866,27.6198,安源区政府,萍乡,114.81,86.82,74.19,68.86,64.2,43.33,42.03,47.99,67.75,75.35,75.64,109.32
642,642,2353A,114.9886,27.8431,飞宇,新余,83.45,66.92,65.9,63.21,59.21,42.96,45.0,47.61,60.39,66.44,72.16,89.21
643,643,2354A,114.9231,27.8246,第二水厂,新余,88.7,69.59,66.41,65.01,60.88,46.57,47.82,48.69,61.84,67.65,75.62,94.02
644,644,2355A,114.9308,27.8036,市气象局,新余,86.0,72.64,70.44,70.54,67.82,53.73,54.7,51.9,60.91,67.46,72.51,86.46
645,645,2358A,117.0564,28.2642,新监测站,鹰潭,69.17,56.56,53.52,56.25,49.79,36.06,34.31,39.83,48.93,56.96,57.18,66.82
646,646,2360A,117.0222,28.2264,体育馆,鹰潭,71.69,56.78,54.02,56.88,49.75,35.45,34.34,39.62,50.46,59.82,60.39,68.97
647,647,2361A,117.0017,28.2131,三川水表,鹰潭,68.64,55.67,55.55,54.4,48.58,33.7,32.31,38.22,49.25,59.57,59.4,70.64
648,648,2363A,114.9367,25.8664,地委,赣州,66.43,51.7,58.45,59.51,52.43,38.71,41.74,44.85,52.53,56.67,58.43,70.07
649,649,2364A,114.9461,25.8481,气象台,赣州,68.08,52.45,54.7,54.24,49.45,34.8,37.01,40.92,50.41,55.0,56.19,68.41
650,650,2365A,114.9322,25.8333,市图书馆,赣州,70.45,54.73,57.97,57.38,50.63,34.97,37.56,40.56,50.77,56.46,59.45,72.71
651,651,2366A,114.8905,25.8471,华坚鞋城,赣州,78.88,60.36,64.03,63.94,58.31,41.46,45.36,49.27,56.82,62.16,67.79,81.88
652,652,2368A,114.9658,27.0999,市森林工业局,吉安,78.46,62.15,55.44,58.0,56.33,42.0,45.19,45.95,56.93,66.17,67.19,77.36
653,653,2369A,114.99,27.1312,市环境监测站,吉安,82.32,62.39,54.84,56.26,54.08,38.97,41.53,44.7,55.62,67.83,70.68,83.41
654,654,2373A,114.3956,27.7844,市石油公司,宜春,86.3,64.76,62.42,59.81,57.75,41.82,40.98,45.69,61.15,62.63,65.01,79.26
655,655,2374A,114.3703,27.7914,市气象局,宜春,84.94,60.26,57.89,60.17,60.6,43.53,43.83,47.0,61.83,61.93,63.34,77.18
656,656,2375A,114.4013,27.8074,市广电局,宜春,88.88,67.62,60.48,59.22,59.55,43.48,40.8,48.74,67.79,71.21,72.63,89.6
657,657,2377A,116.3544,27.9831,市站,抚州,80.81,67.26,55.38,56.15,52.12,36.87,38.54,41.69,51.73,57.02,61.93,76.62
658,658,2378A,116.3565,27.963,血防站,抚州,79.52,61.84,51.34,52.19,49.39,35.38,37.52,40.48,50.51,56.87,60.68,76.11
659,659,2379A,116.3564,28.0007,采茶剧团,抚州,79.0,64.68,53.34,53.81,49.23,34.65,37.81,41.88,51.2,56.55,61.38,74.74
660,660,2380A,116.385,27.9647,医学分院,抚州,77.46,64.3,52.19,53.99,48.61,36.27,40.59,42.62,51.41,56.9,62.45,77.18
661,661,2382A,117.9756,28.4436,市监测站,上饶,76.88,63.84,53.73,59.72,53.29,42.14,41.41,44.91,54.2,62.13,63.79,79.46
662,662,2383A,117.9519,28.4628,凤凰光学,上饶,80.98,65.81,57.57,63.52,56.7,42.86,40.23,44.62,55.39,66.02,66.3,80.94
663,663,2385A,114.17,35.9019,市监测站,鹤壁,164.64,128.37,139.83,118.65,98.89,85.77,73.47,66.25,78.04,99.55,144.12,153.19
664,664,2386A,114.2956,35.7511,市交警支队,鹤壁,166.79,130.71,140.32,119.96,102.25,85.08,69.44,65.32,82.89,107.28,141.67,158.19
665,665,2389A,113.836,35.311,环保西院,新乡,176.48,136.77,144.13,122.37,103.44,86.17,66.31,65.69,82.87,103.18,132.21,160.56
666,666,2390A,113.884,35.272,开发区,新乡,174.97,131.99,141.37,121.72,102.69,85.67,65.29,61.73,81.79,108.2,137.37,162.88
667,667,2391A,113.883,35.303,环保东院,新乡,177.52,135.68,143.91,126.07,105.45,86.63,67.95,65.51,84.38,106.61,139.58,163.11
668,668,2392A,115.0312,35.7636,环保局,濮阳,161.56,126.19,125.4,111.54,94.36,81.44,60.73,56.95,74.59,92.29,121.29,151.22
669,669,2394A,115.0574,35.7609,油田运输公司,濮阳,166.17,132.88,139.21,119.34,108.52,89.07,62.84,58.95,81.78,101.0,129.17,160.82
670,670,2395A,115.0866,35.7754,油田物探公司,濮阳,167.29,132.53,134.02,117.56,104.68,88.93,62.52,59.36,81.13,98.98,125.92,156.21
671,671,2396A,113.8276,34.0159,监测站,许昌,151.36,120.81,122.02,109.14,98.46,76.41,54.87,56.53,74.73,84.09,107.24,138.93
672,672,2399A,114.051,33.5699,三五一五工厂,漯河,170.96,129.65,129.4,110.23,97.97,78.17,50.27,54.7,83.8,100.35,126.72,156.08
673,673,2400A,114.0055,33.5698,漯河大学,漯河,169.39,124.62,126.52,110.1,98.62,79.11,53.02,55.91,83.05,99.73,127.67,155.35
674,674,2401A,114.0138,33.5828,市水利局,漯河,170.61,128.85,130.06,110.96,94.35,77.01,50.44,54.05,81.28,96.42,125.18,155.81
675,675,2402A,114.0261,33.5698,市广电局,漯河,169.64,126.67,128.31,109.57,99.17,75.29,48.42,54.29,81.66,95.23,124.95,151.89
676,676,2406A,112.5779,33.0144,气象站,南阳,164.94,127.99,129.67,109.47,95.62,74.11,58.26,59.81,69.17,84.95,114.61,145.31
677,677,2407A,112.548,32.9692,理工学院,南阳,172.79,132.27,125.95,98.04,88.23,63.95,48.65,51.4,64.33,80.07,112.75,155.59
678,678,2408A,115.6702,34.4285,环境监测站,商丘,157.36,120.19,117.72,107.25,106.21,82.13,57.6,56.47,67.49,90.46,116.28,137.47
679,679,2409A,115.6458,34.4045,粮食局,商丘,160.72,120.51,118.14,106.63,104.17,78.32,58.07,55.03,68.27,92.77,114.16,139.23
680,680,2410A,115.6293,34.3948,睢阳区环保局,商丘,160.78,130.59,133.01,120.59,113.97,86.5,61.84,60.0,74.97,95.24,117.96,142.2
681,681,2420A,114.0189,32.9656,市一纸厂,驻马店,156.5,117.02,119.86,106.26,96.46,72.56,51.96,57.18,74.65,93.1,116.38,138.33
682,682,2421A,114.0114,33.015,市彩印厂,驻马店,149.24,108.3,114.29,96.91,89.07,67.6,46.59,46.64,67.76,86.94,111.05,130.85
683,683,2422A,113.9976,32.9771,天方二分厂,驻马店,157.87,114.84,116.83,100.33,92.21,68.04,47.3,49.47,71.82,91.82,117.0,138.81
684,684,2424A,115.0817,30.2006,陈家湾,黄石,112.85,89.81,81.65,75.38,77.5,54.8,47.86,50.19,58.84,64.2,75.28,102.47
685,685,2429A,110.78,32.6494,滨河新村,十堰,111.77,86.12,92.36,73.3,64.82,51.35,44.87,46.14,54.28,59.89,78.4,98.85
686,686,2430A,110.7258,32.6389,刘家沟,十堰,105.17,78.95,86.96,67.44,61.39,45.99,39.7,39.84,48.0,51.96,66.26,92.41
687,687,2431A,110.8839,32.5714,铁二处,十堰,112.38,87.74,89.51,66.6,63.06,47.97,43.22,43.81,46.98,50.88,73.01,100.74
688,688,2432A,112.155,32.0197,襄城运动路,襄阳,145.95,112.79,107.47,84.31,81.14,57.18,46.15,52.31,66.37,73.16,98.32,124.49
689,689,2433A,112.1392,32.0564,樊城新华路,襄阳,152.75,114.94,109.48,84.51,79.89,55.91,45.11,49.64,64.72,73.89,102.5,132.93
690,690,2434A,112.1825,32.1142,高新管委会,襄阳,146.38,114.59,108.4,83.3,80.57,58.1,45.87,51.82,66.98,76.62,103.8,132.6
691,691,2436A,114.8938,30.3994,市政府,鄂州,104.13,85.36,79.1,72.7,76.71,50.32,43.84,44.22,56.34,64.39,77.2,103.0
692,692,2437A,114.8989,30.3714,赵家坝,鄂州,115.4,91.28,82.57,74.73,82.28,53.31,43.55,48.6,61.97,68.4,77.82,108.35
693,693,2443A,113.9153,30.9285,文化路,孝感,112.73,93.66,84.94,73.75,74.32,49.46,36.93,40.65,56.29,65.99,82.92,107.92
694,694,2446A,114.9028,30.4742,职工中心,黄冈,105.95,85.43,78.59,72.54,73.98,50.29,45.68,47.04,59.75,63.94,74.36,102.96
695,695,2447A,114.3175,29.8142,森林公园(对照点),咸宁,87.22,67.46,62.18,55.76,55.15,35.54,32.22,38.82,47.8,48.58,54.16,75.03
696,696,2449A,114.2936,29.8566,咸安区政府,咸宁,99.5,75.72,70.35,65.16,63.18,41.55,37.68,43.47,55.6,56.21,64.11,87.64
697,697,2451A,113.3583,31.7275,市委党校,随州,139.99,108.75,95.14,79.77,77.12,53.69,41.94,44.13,58.51,64.43,90.36,117.63
698,698,2452A,113.3833,31.6908,市林业局,随州,114.89,93.54,80.51,64.62,62.97,40.1,31.73,37.77,49.65,53.85,73.19,99.86
699,699,2453A,113.3983,31.7308,市立交桥水厂,随州,125.82,98.41,89.02,72.62,74.75,46.93,37.39,40.08,52.8,59.85,82.55,110.06
700,700,2454A,109.4978,30.2981,湖北民院,恩施土家族苗族自治州,98.25,72.24,63.63,52.4,49.22,40.88,34.71,40.28,49.78,51.91,61.62,93.25
701,701,2455A,109.4707,30.2798,州电力总公司,恩施土家族苗族自治州,99.46,72.87,63.76,54.5,48.8,39.43,34.01,38.66,46.06,48.8,61.69,94.9
702,702,2456A,112.5003,26.9167,原169医院(对照点),衡阳,90.0,69.96,58.87,56.25,57.16,37.87,37.45,42.59,61.5,61.99,65.06,89.11
703,703,2457A,112.6194,26.9258,衡阳化工总厂,衡阳,101.29,82.52,68.45,65.01,65.61,45.35,46.92,52.97,68.79,74.01,72.93,100.55
704,704,2458A,112.6211,26.8956,珠晖区环保局,衡阳,97.74,77.64,64.34,58.62,58.15,39.15,38.12,45.28,61.84,67.0,69.07,95.96
705,705,2459A,112.6197,26.8733,市委党校,衡阳,94.47,76.47,62.13,57.37,57.88,38.92,38.58,44.85,60.48,65.67,68.77,93.55
706,706,2460A,112.6006,26.8919,市监测站,衡阳,99.15,83.02,67.65,61.99,61.53,40.55,38.49,44.91,63.13,67.34,69.19,98.66
707,707,2461A,112.5664,26.9056,真空机电公司,衡阳,99.29,78.16,65.28,60.87,61.14,41.87,40.34,46.04,63.25,67.08,70.47,94.23
708,708,2465A,111.4503,27.2537,市罐头厂,邵阳,101.85,78.42,66.48,61.19,60.24,44.24,42.38,48.34,64.18,62.94,67.83,98.18
709,709,2466A,111.4328,27.2272,市环保局,邵阳,91.3,72.68,63.27,58.9,58.05,42.09,40.8,46.61,63.52,62.02,66.86,90.01
710,710,2468A,112.3458,28.5808,市环保局,益阳,118.83,84.78,69.83,63.29,64.02,42.92,41.01,41.8,55.6,61.39,81.77,109.96
711,711,2469A,112.3437,28.5531,市特殊教育学校,益阳,124.57,92.1,82.57,71.72,66.79,43.63,39.63,45.5,62.25,76.1,90.73,119.87
712,712,2470A,112.3347,28.6047,资阳区政务中心,益阳,108.34,83.27,69.16,60.3,56.86,37.29,35.26,37.78,51.18,63.28,77.55,102.9
713,713,2473A,113.0116,25.8226,市职中,郴州,87.88,70.11,58.07,56.26,54.46,38.64,40.32,43.15,61.13,66.01,57.4,82.21
714,714,2474A,113.0161,25.8001,兴隆步行街,郴州,86.93,67.75,55.39,50.88,48.77,34.7,45.37,47.34,63.46,67.62,63.65,84.2
715,715,2475A,113.0383,25.8071,市审计局,郴州,84.21,65.47,53.93,50.73,49.77,35.22,35.31,39.07,58.78,62.88,56.84,80.39
716,716,2477A,111.6217,26.2081,零陵南津渡(对照点),永州,86.55,63.32,58.43,51.12,50.27,33.51,35.1,40.81,60.02,56.67,58.89,84.67
717,717,2479A,111.6236,26.2331,零陵区环保局,永州,91.56,67.56,58.25,52.65,53.52,34.87,36.0,42.83,61.79,60.96,67.56,91.69
718,718,2481A,111.5989,26.4519,冷水滩区环保局,永州,96.38,71.18,64.14,57.22,56.95,39.95,41.45,46.83,65.07,63.26,70.05,99.23
719,719,2482A,109.5981,27.5721,林科所(对照点),怀化,79.36,64.25,56.59,48.31,46.96,32.15,31.48,33.14,44.2,45.53,49.21,69.56
720,720,2483A,109.9453,27.5444,河西地税局,怀化,92.61,70.77,69.09,59.81,58.75,39.46,37.63,40.75,53.06,52.69,58.18,83.09
721,721,2484A,109.9781,27.5342,市四医院,怀化,96.73,74.18,70.36,63.17,61.44,44.83,46.19,49.72,62.42,60.94,67.53,94.91
722,722,2485A,109.9972,27.5578,监测楼,怀化,108.91,88.05,78.02,70.19,69.94,50.9,50.07,54.67,67.6,67.49,76.38,108.15
723,723,2486A,110.0394,27.583,市委党校,怀化,100.79,79.36,71.23,65.54,69.76,50.06,53.43,61.92,73.45,72.26,75.35,104.17
724,724,2489A,112.0194,27.7314,市委党校,娄底,96.56,78.57,67.64,63.65,60.16,40.49,41.38,47.67,61.45,62.96,73.12,97.61
725,725,2491A,111.9892,27.7044,市政府,娄底,100.33,87.64,68.67,62.03,64.62,41.67,39.26,44.32,58.75,62.17,70.16,91.92
726,726,2493A,109.7325,28.3169,州政府,湘西州,86.49,71.67,59.18,50.75,46.88,33.64,31.03,33.72,43.03,44.24,53.26,77.96
727,727,2495A,111.3014,23.4832,市逸夫小学,梧州,68.23,57.61,54.85,56.43,45.87,36.05,41.89,42.94,52.66,56.2,59.65,68.83
728,728,2497A,111.247,23.4189,龙圩,梧州,82.41,69.75,63.34,66.26,53.09,41.45,46.64,48.26,58.99,62.56,67.64,77.33
729,729,2498A,111.2711,23.4835,龙新,梧州,76.28,60.79,62.12,63.13,50.68,39.7,45.99,47.04,56.8,60.88,63.8,72.9
730,730,2499A,108.3411,21.6158,沙万,防城港,63.79,55.36,53.68,50.91,38.9,33.07,30.67,33.48,40.11,48.71,53.26,60.59
731,731,2500A,108.3514,21.7731,防城档案局,防城港,67.9,57.13,51.45,50.11,38.03,30.4,27.25,31.45,43.6,56.41,60.47,68.44
732,732,2501A,108.3506,21.6414,大海花园,防城港,58.97,51.49,46.95,44.42,33.67,26.92,25.91,28.16,36.26,45.89,49.19,57.39
733,733,2502A,108.6236,21.9667,市环保站,钦州,79.1,70.76,57.48,52.67,36.92,27.94,26.9,30.44,40.96,54.34,60.09,73.17
734,734,2503A,108.6549,21.9481,沙埠小学,钦州,69.54,62.87,52.04,50.17,38.24,31.35,30.86,34.49,45.46,55.65,57.72,66.24
735,735,2504A,108.5989,21.7431,港区一小,钦州,76.12,65.72,63.13,59.59,43.82,35.94,34.43,37.97,50.01,60.41,64.93,74.88
736,736,2506A,109.6047,23.0666,江南子站,贵港,81.56,73.88,63.72,61.59,47.62,38.85,41.49,46.99,55.94,60.5,66.92,75.24
737,737,2507A,109.6014,23.0948,贵城子站,贵港,76.96,70.0,59.88,58.69,44.57,37.48,39.97,42.94,50.42,53.79,60.97,69.8
738,738,2508A,109.5669,23.1065,荷城子站,贵港,78.85,70.15,63.36,61.78,46.65,34.61,38.45,41.24,49.2,55.1,61.79,73.81
739,739,2509A,110.1106,22.7019,寒山水库(对照点),玉林,56.92,51.38,44.86,47.17,37.02,31.5,35.92,36.19,40.67,43.02,50.29,53.32
740,740,2510A,110.1675,22.6411,市监测站,玉林,73.02,64.53,55.95,54.93,42.25,35.81,37.45,39.62,47.34,50.77,60.6,67.69
741,741,2511A,110.1433,22.6164,南江一中,玉林,79.86,66.46,57.88,58.26,44.99,38.45,39.36,41.83,51.8,55.1,65.13,73.92
742,742,2512A,106.6103,23.9011,市监测站,百色,70.08,67.52,68.17,64.81,50.43,42.99,41.79,39.79,45.9,45.44,53.87,63.37
743,743,2513A,106.6538,23.8859,市中心血站,百色,77.52,69.84,69.38,70.37,52.15,43.49,43.25,43.81,51.8,53.03,61.54,73.92
744,744,2514A,111.5264,24.4172,环保小区,贺州,74.4,61.89,54.98,57.32,47.09,33.1,38.85,38.73,50.51,53.71,55.1,69.14
745,745,2515A,111.5608,24.4078,政协大楼,贺州,73.45,60.48,52.01,54.05,44.16,33.47,39.91,39.74,50.19,55.34,54.79,67.34
746,746,2517A,108.0497,24.6947,市环保站,河池,69.14,65.29,57.99,54.17,42.43,34.87,36.72,37.75,44.78,45.87,50.61,66.32
747,747,2518A,108.0983,24.6989,市疾控中心,河池,69.71,64.29,63.36,60.84,51.21,41.5,45.25,48.07,57.24,57.44,62.47,74.75
748,748,2520A,109.2203,23.7256,来宾技工学校,来宾,86.37,71.77,64.67,60.55,48.91,35.81,40.66,45.0,54.55,58.94,58.39,75.4
749,749,2521A,107.3476,22.4136,市环保局江州分局,崇左,69.97,63.83,61.07,56.87,44.55,37.04,35.25,36.08,45.51,49.99,56.7,65.91
750,750,2522A,107.3702,22.3707,城南新区,崇左,66.96,58.7,57.91,54.83,42.48,34.22,33.24,32.32,39.97,46.9,52.7,62.42
751,751,2523A,105.8945,32.4535,黑石坡(对照点),广元,65.12,63.84,58.7,45.33,51.97,33.56,28.25,26.69,24.0,28.69,45.78,67.0
752,752,2524A,105.821,32.4444,老城,广元,87.71,76.42,69.6,52.56,55.49,37.04,32.03,29.87,33.66,38.56,61.21,90.29
753,753,2526A,105.8628,32.4287,监测站,广元,85.95,73.44,64.63,45.36,50.5,33.17,27.93,28.51,28.81,32.34,51.69,84.56
754,754,2528A,105.5582,30.5232,市监测站,遂宁,94.87,79.2,66.71,54.59,62.24,41.75,37.29,38.71,36.93,43.03,57.88,79.36
755,755,2529A,105.5861,30.5366,行政中心,遂宁,87.93,78.52,64.65,51.38,55.83,37.64,35.08,36.53,35.04,38.85,53.72,74.65
756,756,2530A,105.5918,30.4728,美宁食品公司,遂宁,113.41,94.36,79.79,67.55,70.26,46.09,43.6,48.06,42.85,48.67,67.89,96.06
757,757,2531A,105.0703,29.61,市监测站,内江,104.44,88.89,69.54,57.04,63.64,41.45,34.28,35.7,35.99,48.69,69.79,89.35
758,758,2532A,105.0717,29.5947,东兴区政府,内江,106.05,91.43,71.33,57.99,64.34,37.9,31.23,33.6,34.18,45.32,66.64,90.38
759,759,2533A,105.0653,29.5817,内江二中,内江,103.25,87.07,69.65,55.98,64.7,41.11,33.83,35.28,33.66,44.7,65.72,88.95
760,760,2534A,105.0406,29.5822,内江日报社,内江,104.05,88.42,71.23,57.74,65.35,45.02,35.73,37.32,36.09,49.8,72.74,92.5
761,761,2535A,103.7723,29.5462,花湖湾(对照点),乐山,118.01,87.48,78.25,61.48,55.56,39.48,36.5,40.58,36.96,50.55,75.02,105.98
762,762,2536A,103.7627,29.5844,牛耳桥,乐山,116.95,90.51,79.9,62.61,55.8,40.93,36.11,40.72,39.33,52.2,78.29,102.13
763,763,2537A,103.7508,29.6006,市第三水厂,乐山,117.44,90.66,80.12,63.94,57.64,42.84,38.08,41.43,40.29,54.28,79.18,104.44
764,764,2538A,103.7571,29.5664,市监测站,乐山,115.56,89.21,81.08,63.67,59.03,44.7,40.58,43.88,42.0,53.77,76.21,99.55
765,765,2539A,104.0308,30.0478,黑龙滩水库(对照点),眉山,88.82,70.77,66.81,48.48,50.27,35.8,32.32,30.99,30.32,38.11,56.54,76.92
766,766,2540A,103.8416,30.0874,气象局,眉山,119.36,90.36,85.4,69.19,68.52,51.31,43.51,40.85,41.9,57.15,81.14,107.99
767,767,2544A,106.6303,30.4576,市委,广安,113.61,93.87,70.22,54.74,60.28,47.09,39.27,42.16,45.05,48.69,64.32,98.25
768,768,2545A,106.6271,30.4663,友谊中学,广安,115.88,92.45,68.47,58.26,61.69,46.45,43.68,46.51,47.02,48.07,67.56,96.71
769,769,2547A,106.6388,30.4551,广电花园,广安,115.33,97.32,73.68,60.64,63.31,48.75,43.79,48.96,51.46,53.4,67.76,94.16
770,770,2548A,107.5277,31.2827,达州职业技术学院(对照点),达州,110.48,83.68,70.31,56.95,64.18,44.67,35.4,43.81,46.99,45.7,59.06,109.31
771,771,2549A,107.5086,31.2186,市环境监测站,达州,117.55,87.22,75.16,58.83,63.78,46.94,39.64,44.52,48.08,50.46,64.8,108.45
772,772,2550A,107.4988,31.2132,凤凰小区,达州,117.02,87.51,72.56,55.76,59.73,43.18,37.36,42.82,48.08,48.92,64.7,105.65
773,773,2551A,107.5082,31.1986,达县机关宾馆,达州,129.49,97.32,86.46,70.0,72.88,51.33,42.51,47.91,53.27,55.75,72.89,119.18
774,774,2552A,107.4644,31.2124,市政中心,达州,140.96,103.15,89.34,72.95,77.47,56.54,48.83,52.82,58.34,62.01,82.29,128.92
775,775,2555A,103.0111,29.9833,市政府,雅安,91.29,71.97,60.32,45.47,43.82,32.27,27.12,28.34,27.94,35.88,61.51,84.07
776,776,2561A,104.6617,30.1372,莲花山(对照点),资阳,99.45,81.65,66.92,53.34,58.87,40.06,34.33,34.43,33.27,45.64,62.63,84.34
777,777,2562A,104.6356,30.1506,资阳中学,资阳,107.05,90.32,76.18,58.39,64.57,45.81,40.32,45.89,40.81,47.82,66.74,95.94
778,778,2563A,104.6295,30.1383,四三一厂,资阳,115.37,94.74,79.18,62.88,70.12,49.87,40.04,40.28,37.25,49.54,73.97,102.9
779,779,2565A,104.6296,30.1256,区法院,资阳,115.07,96.35,78.54,61.78,66.47,46.17,35.7,36.46,34.52,49.09,71.59,101.84
780,780,2568A,102.2502,31.8896,马师校,阿坝藏族羌族自治州,26.54,23.61,25.43,24.66,21.36,18.36,20.49,23.86,21.77,25.51,29.74,32.87
781,781,2573A,102.2625,27.898,西昌市政府,凉山彝族自治州,53.39,39.25,41.26,37.0,33.79,28.85,30.26,29.72,28.12,33.03,37.76,52.03
782,782,2574A,102.2685,27.8851,凉山州政府,凉山彝族自治州,56.38,37.84,39.96,36.6,33.36,27.29,29.33,29.61,27.53,33.18,40.19,55.19
783,783,2575A,102.237,27.8914,长安,凉山彝族自治州,63.36,44.63,47.13,43.26,39.11,35.15,39.58,38.82,35.17,41.33,51.62,64.89
784,784,2577A,104.83,26.5917,黄土坡,六盘水,70.22,67.5,75.38,60.09,50.62,35.75,37.21,42.64,39.28,42.26,60.88,66.43
785,785,2578A,104.89,26.5939,水钢,六盘水,63.09,67.82,71.15,62.84,49.69,39.92,40.7,44.93,40.57,44.1,57.58,61.41
786,786,2579A,104.8475,26.5894,民中,六盘水,70.26,69.89,77.69,66.59,55.48,39.34,40.86,47.1,42.65,46.99,63.91,67.48
787,787,2580A,104.9544,26.5506,双水,六盘水,49.72,55.17,61.5,47.51,38.66,26.31,26.94,29.21,29.66,33.61,46.19,50.92
788,788,2585A,109.1839,27.7344,铜仁卫校,铜仁地区,78.07,64.83,52.18,46.72,45.53,35.22,32.91,33.7,39.32,42.81,53.35,79.22
789,789,2586A,109.1753,27.6944,铜仁七中,铜仁地区,77.47,65.01,58.66,51.96,50.22,35.23,33.9,34.51,40.82,45.95,54.2,76.95
790,790,2587A,105.2864,27.3125,八中,毕节,51.43,50.55,51.77,43.59,38.95,30.91,31.6,35.04,29.97,32.62,50.12,50.92
791,791,2588A,105.31,27.2944,师专,毕节,51.51,53.89,55.15,47.55,42.77,31.93,33.03,36.61,33.56,35.79,53.12,54.28
792,792,2589A,104.9022,25.0925,场坝街,黔西南布依族苗族自治州,44.54,46.62,45.4,44.66,34.82,24.56,24.12,25.69,29.99,32.18,38.9,51.7
793,793,2590A,104.8811,25.0992,坪东大道,黔西南布依族苗族自治州,41.16,41.78,44.42,40.26,29.36,21.43,22.23,22.76,25.01,27.85,35.16,43.83
794,794,2591A,107.9783,26.5747,市环境监测站,黔东南苗族侗族自治州,61.55,51.18,49.44,40.38,35.61,26.9,24.97,29.1,38.8,42.85,46.24,65.11
795,795,2593A,107.5228,26.2403,小围寨,黔南布依族苗族自治州,38.54,39.08,39.59,36.24,29.03,22.62,23.63,27.86,33.89,34.22,35.82,49.8
796,796,2596A,103.7667,27.3736,监测站,昭通,61.6,60.02,63.69,52.71,47.77,36.64,38.0,41.23,33.42,36.88,52.55,59.89
797,797,2597A,103.7225,27.3361,环保局,昭通,60.61,53.97,54.19,47.14,43.59,35.73,37.11,39.3,32.19,36.2,51.65,55.9
798,798,2599A,100.2497,26.8802,丽江古城,丽江,33.31,29.41,37.65,37.18,31.03,26.77,27.28,30.64,26.95,26.49,32.36,36.7
799,799,2601A,100.98,22.7633,市环保局,普洱,34.06,43.56,69.93,62.21,41.67,21.01,17.85,18.41,19.27,21.55,25.37,30.22
800,800,2602A,100.9817,22.8322,普洱第二中学,普洱,47.02,54.43,85.96,72.22,50.72,24.55,18.24,17.45,20.27,22.67,33.18,42.17
801,801,2605A,101.5482,25.0441,州环境监测站,楚雄州,39.22,39.99,53.07,46.8,33.82,17.94,20.56,24.12,22.74,24.03,33.35,39.53
802,802,2606A,101.538,25.0492,市经济开发区,楚雄州,40.66,42.21,53.61,49.87,38.47,23.31,25.99,30.34,27.68,27.28,34.45,39.79
803,803,2608A,103.3772,23.3993,污水处理厂,红河州,45.3,47.96,71.23,66.37,46.18,28.57,31.0,31.07,33.41,39.78,41.5,48.44
804,804,2611A,104.2319,23.3892,市便民服务中心,文山州,38.65,42.29,58.86,56.92,37.99,24.59,26.19,28.85,30.2,32.69,38.82,45.87
805,805,2612A,100.7939,22.0019,景洪市江南,西双版纳州,61.79,70.64,114.76,94.34,58.86,28.38,25.57,25.83,33.12,37.92,49.01,59.68
806,806,2616A,98.5842,24.428,德宏州监测站,德宏州,66.2,71.33,89.07,76.87,54.81,29.0,23.19,25.78,30.37,33.98,50.73,63.84
807,807,2618A,98.8601,25.8567,州监测站,怒江州,48.07,45.09,55.32,49.37,47.04,34.98,28.35,32.73,34.83,35.76,44.16,51.57
808,808,2619A,98.8546,25.8417,泸水一中,怒江州,56.46,48.43,62.24,55.41,49.43,38.38,30.82,35.35,35.48,36.92,51.23,62.41
809,809,2621A,99.7056,27.8317,迪庆州站,迪庆州,24.01,21.28,26.92,25.84,21.17,16.67,17.96,19.81,16.0,19.3,26.44,25.96
810,810,2624A,91.7608,29.2313,山南监测站,山南,30.72,38.61,31.52,37.1,33.35,23.38,17.34,15.59,15.27,21.47,32.74,35.68
811,811,2630A,80.1161,32.5,阿里监测站,阿里地区,25.39,20.65,23.35,28.3,30.51,24.73,20.39,15.65,16.67,23.33,23.24,25.41
812,812,2635A,107.0154,33.0706,市监测站,汉中,137.35,106.23,88.33,63.53,73.93,48.94,41.01,41.33,44.78,50.77,84.5,133.28
813,813,2636A,107.0089,33.1138,鑫源开发区,汉中,128.62,96.24,82.55,64.78,70.4,50.37,43.03,45.05,47.34,50.99,85.49,127.1
814,814,2637A,107.007,33.0323,南郑大河坎水厂,汉中,134.25,99.86,81.65,60.63,67.02,48.17,40.48,41.47,44.18,48.59,79.52,125.89
815,815,2641A,109.7336,38.2478,环保监测大楼,榆林,96.31,83.71,119.87,94.96,103.62,63.22,46.92,48.58,51.39,61.64,86.26,84.46
816,816,2642A,109.0318,32.6537,香溪洞(对照点),安康,87.57,72.68,67.42,47.23,52.53,34.82,29.78,29.29,33.18,36.55,51.28,79.18
817,817,2643A,109.0281,32.6939,安康市监测站,安康,119.22,93.37,82.23,60.12,65.51,45.41,38.67,38.91,43.63,48.52,69.04,108.24
818,818,2644A,109.0072,32.6975,汉滨区检察院,安康,102.33,78.74,72.07,51.58,56.66,39.32,34.35,34.05,38.48,41.08,61.37,94.99
819,819,2645A,109.9154,33.8715,监测站,商洛,86.33,77.45,83.06,66.58,65.97,45.14,37.97,37.45,37.68,44.5,67.73,84.63
820,820,2647A,104.1724,36.5446,第三小学,白银,113.38,109.63,181.56,124.6,129.46,71.43,55.71,55.81,59.72,77.12,116.2,116.99
821,821,2650A,105.7205,34.5786,公园小学,天水,107.62,93.08,92.71,67.42,65.82,39.09,32.02,33.53,34.73,46.86,83.34,110.55
822,822,2651A,105.8945,34.5538,麦积国土局,天水,120.92,102.6,102.75,77.79,73.5,46.32,36.47,38.57,40.89,54.11,95.04,121.96
823,823,2652A,102.6201,37.9251,监测站,武威,115.72,103.92,196.23,116.4,130.05,70.98,64.59,55.31,56.0,77.19,104.27,104.15
824,824,2654A,100.4698,38.9524,润泉湖,张掖,92.54,99.91,174.22,96.43,108.83,69.67,51.69,40.94,46.31,70.09,96.58,90.6
825,825,2655A,100.4154,38.9422,区工会,张掖,93.75,98.37,170.01,102.9,110.23,71.19,53.08,43.66,47.85,68.95,89.6,87.25
826,826,2656A,106.6692,35.5461,聚贤嘉苑,平凉,94.37,90.17,110.04,81.18,81.08,47.6,39.03,34.97,41.87,54.78,85.45,90.3
827,827,2657A,106.7021,35.5307,博物馆,平凉,105.78,101.79,113.76,88.67,94.01,56.69,46.55,41.26,49.34,63.03,95.03,102.91
828,828,2658A,98.5061,39.7443,仓门街子站,酒泉,114.09,116.46,196.79,122.81,132.02,105.71,83.65,79.97,76.14,98.9,109.99,101.91
829,829,2659A,98.4989,39.7256,油田生活基地,酒泉,115.85,118.8,200.12,130.1,140.39,107.76,85.64,82.49,75.39,102.52,113.36,106.75
830,830,2661A,107.6325,35.7357,庆阳五中,庆阳,104.8,102.27,110.5,87.4,84.0,52.78,41.99,41.05,44.32,56.7,91.13,98.88
831,831,2662A,107.6364,35.7067,市环保局,庆阳,86.06,87.08,98.49,81.0,78.85,49.47,41.14,39.18,41.66,52.26,79.44,86.82
832,832,2663A,104.6241,35.5734,东关小学,定西,102.9,89.25,119.86,88.69,83.42,48.5,40.26,41.72,42.68,54.02,94.05,111.59
833,833,2664A,104.6194,35.5934,供电公司,定西,99.29,93.71,117.02,84.49,86.67,44.47,40.67,43.53,41.85,53.27,93.38,110.33
834,834,2667A,103.2069,35.5993,环保局,临夏回族自治州,140.66,102.6,140.78,91.81,82.36,50.69,44.08,43.3,45.07,58.47,91.18,116.2
835,835,2668A,103.2417,35.6057,建设大厦,临夏回族自治州,122.86,94.23,130.94,84.59,76.35,46.26,39.86,39.28,37.61,50.09,76.11,98.37
836,836,2669A,102.9099,34.9841,州政府,甘南州,86.23,81.08,90.04,67.76,55.45,42.52,37.15,33.39,31.51,39.9,67.06,75.05
837,837,2671A,100.9048,36.9639,海晏县西海镇,海北藏族自治州,61.38,65.89,96.39,69.78,55.02,37.39,36.05,36.06,33.51,46.85,50.49,45.9
838,838,2672A,102.0199,35.5102,同仁县隆务镇,黄南藏族自治州,79.35,95.16,122.58,84.5,61.51,44.59,38.5,37.45,33.67,47.18,61.56,66.41
839,839,2673A,100.6188,36.2866,共和县恰卜恰镇,海南藏族自治州,63.6,65.49,95.08,74.7,57.54,39.29,38.23,33.29,32.26,44.0,52.17,51.67
840,840,2674A,100.2561,34.4714,玛沁县大武镇,果洛藏族自治州,63.14,64.83,63.09,58.47,50.8,39.15,37.7,36.71,32.1,42.31,54.28,57.53
841,841,2675A,97.0,33.0014,玉树县结古镇,玉树藏族自治州,49.4,44.76,41.4,39.34,39.45,18.98,22.4,21.95,16.71,23.25,38.61,46.1
842,842,2676A,97.3731,37.3753,德令哈市,海西蒙古族藏族自治州,55.81,80.0,91.11,88.98,69.9,41.88,39.74,42.78,36.18,50.07,48.44,44.29
843,843,2677A,106.1532,37.9648,教育园区,吴忠,125.08,115.92,165.08,117.96,129.23,76.1,64.97,51.5,55.42,78.61,116.02,102.07
844,844,2682A,105.1971,37.5002,环保局站,中卫,101.51,112.35,177.56,129.16,131.25,76.1,65.95,53.26,56.37,78.32,108.32,103.24
845,845,2683A,106.2319,36.1417,马园(对照点),固原,84.44,102.71,128.53,105.43,99.19,60.95,52.48,47.15,45.58,63.57,88.96,91.12
846,846,2685A,106.2375,36.0211,新区,固原,76.94,87.57,119.02,98.08,95.14,51.21,42.55,36.68,37.97,55.53,79.86,80.59
847,847,2689A,93.4961,42.8328,哈密师范学校,哈密地区,105.05,120.81,157.86,112.39,96.6,67.27,61.13,65.26,76.45,86.71,102.5,95.57
848,848,2692A,87.2717,44.0297,新区政务中心,昌吉州,210.71,175.67,80.93,62.01,62.9,40.18,47.46,49.18,54.5,66.86,99.63,177.58
849,849,2693A,82.0485,44.8556,市党校,博尔塔拉蒙古自治州,86.45,77.99,60.72,67.08,45.96,35.08,37.61,35.05,49.06,60.44,72.03,81.39
850,850,2694A,82.0806,44.8969,市环保局,博尔塔拉蒙古自治州,104.94,91.43,65.71,74.39,55.52,40.76,42.73,40.07,57.01,70.55,80.73,91.75
851,851,2698A,76.0072,39.4467,巡警大队,喀什地区,211.65,353.57,622.73,420.25,306.69,139.2,190.32,144.56,199.3,278.42,254.44,257.06
852,852,2705A,81.3364,43.941,第二水厂,伊犁哈萨克州,134.14,89.94,65.0,68.59,58.96,46.92,53.18,57.05,74.85,83.15,95.71,112.21
853,853,2706A,82.9994,46.7432,东门外小游园,塔城地区,58.79,40.79,34.62,42.11,37.01,35.32,36.42,37.83,39.13,43.46,38.26,46.44
854,854,2709A,86.0497,44.2967,艾青诗歌馆,石河子,208.52,173.92,87.68,70.66,61.19,39.44,43.19,46.52,53.43,68.63,96.3,174.51
855,855,2711A,87.5475,44.1756,农水大厦,五家渠,262.07,210.72,91.94,80.18,81.76,53.72,57.26,58.34,69.2,84.08,111.49,226.71
